id,title,description,availability,condition,price,sale_price,link,image_link,brand
2600860,"פלמוליב קרם רחצה לגוף בניחוח חלב ודבש 750 מ""ל",מגוון ריחות,in stock,new,19.90 ILS,,https://aroam.co.il/care/?product=2600860,https://aroam.co.il/images/%D7%9E%D7%97%D7%99%D7%A8%D7%95%D7%9F/%D7%A4%D7%9C%D7%9E%D7%95%D7%9C%D7%99%D7%91%20%D7%A7%D7%A8%D7%9D%20%D7%A8%D7%97%D7%A6%D7%94%20%D7%9C%D7%92%D7%95%D7%A3%20%D7%91%D7%A0%D7%99%D7%97%D7%95%D7%97%20%D7%97%D7%9C%D7%91%20%D7%95%D7%93%D7%91%D7%A9%20750%20%D7%9E%22%D7%9C.jpg,פלמוליב
8400027,"ARGANIA מסיכה טיפולית לשיער פגום מאוד מועשר בחומצה היאלורונית וקרטין ללא מלחים 500 מ""ל","ARGANIA מסיכה טיפולית לשיער פגום מאוד מועשר בחומצה היאלורונית וקרטין ללא מלחים 500 מ""ל",in stock,new,39.90 ILS,,https://aroam.co.il/care/?product=8400027,https://aroam.co.il/images/%D7%9E%D7%97%D7%99%D7%A8%D7%95%D7%9F/ARGANIA%20%D7%9E%D7%A1%D7%99%D7%9B%D7%94%20%D7%98%D7%99%D7%A4%D7%95%D7%9C%D7%99%D7%AA%20%D7%9C%D7%A9%D7%99%D7%A2%D7%A8%20%D7%A4%D7%92%D7%95%D7%9D%20%D7%9E%D7%90%D7%95%D7%93%20%D7%9E%D7%95%D7%A2%D7%A9%D7%A8%20%D7%91%D7%97%D7%95%D7%9E%D7%A6%D7%94%20%D7%94%D7%99%D7%90%D7%9C%D7%95%D7%A8%D7%95%D7%A0%D7%99%D7%AA%20%D7%95%D7%A7%D7%A8%D7%98%D7%99%D7%9F%20%D7%9C%D7%9C%D7%90%20%D7%9E%D7%9C%D7%97%D7%99%D7%9D%20500%20%D7%9E%22%D7%9C.jpg,ARGANIA
8400020,"ARGANIA מסיכה לשיער מתולתל ומסולסל על בסיס חומצה היאלורונית וחמאת שיאה 500 מ""ל","ARGANIA מסיכה לשיער מתולתל ומסולסל על בסיס חומצה היאלורונית וחמאת שיאה 500 מ""ל",in stock,new,39.90 ILS,,https://aroam.co.il/care/?product=8400020,https://aroam.co.il/images/%D7%9E%D7%97%D7%99%D7%A8%D7%95%D7%9F/ARGANIA%20%D7%9E%D7%A1%D7%99%D7%9B%D7%94%20%D7%9C%D7%A9%D7%99%D7%A2%D7%A8%20%D7%9E%D7%AA%D7%95%D7%9C%D7%AA%D7%9C%20%D7%95%D7%9E%D7%A1%D7%95%D7%9C%D7%A1%D7%9C%20%D7%A2%D7%9C%20%D7%91%D7%A1%D7%99%D7%A1%20%D7%97%D7%95%D7%9E%D7%A6%D7%94%20%D7%94%D7%99%D7%90%D7%9C%D7%95%D7%A8%D7%95%D7%A0%D7%99%D7%AA%20%D7%95%D7%97%D7%9E%D7%90%D7%AA%20%D7%A9%D7%99%D7%90%D7%94%20500%20%D7%9E%22%D7%9C.jpg,ARGANIA
8400029,"ARGANIA מסיכה לשיער קיק לחיזוק השורש והשיערה 500 מ""ל","ARGANIA מסיכה לשיער קיק לחיזוק השורש והשיערה 500 מ""ל",in stock,new,39.90 ILS,,https://aroam.co.il/care/?product=8400029,https://aroam.co.il/images/%D7%9E%D7%97%D7%99%D7%A8%D7%95%D7%9F/ARGANIA%20%D7%9E%D7%A1%D7%99%D7%9B%D7%94%20%D7%9C%D7%A9%D7%99%D7%A2%D7%A8%20%D7%A7%D7%99%D7%A7%20%D7%9C%D7%97%D7%99%D7%96%D7%95%D7%A7%20%D7%94%D7%A9%D7%95%D7%A8%D7%A9%20%D7%95%D7%94%D7%A9%D7%99%D7%A2%D7%A8%D7%94%20500%20%D7%9E%22%D7%9C.jpg,ARGANIA
8400028,"ARGANIA מסיכה לשיער שעבר החלקה על בסיס קרטין וארגן 500 מ""ל","ARGANIA מסיכה לשיער שעבר החלקה על בסיס קרטין וארגן 500 מ""ל",in stock,new,39.90 ILS,,https://aroam.co.il/care/?product=8400028,https://aroam.co.il/images/%D7%9E%D7%97%D7%99%D7%A8%D7%95%D7%9F/ARGANIA%20%D7%9E%D7%A1%D7%99%D7%9B%D7%94%20%D7%9C%D7%A9%D7%99%D7%A2%D7%A8%20%D7%A9%D7%A2%D7%91%D7%A8%20%D7%94%D7%97%D7%9C%D7%A7%D7%94%20%D7%A2%D7%9C%20%D7%91%D7%A1%D7%99%D7%A1%20%D7%A7%D7%A8%D7%98%D7%99%D7%9F%20%D7%95%D7%90%D7%A8%D7%92%D7%9F%20500%20%D7%9E%22%D7%9C.jpg,ARGANIA
8400031,"ARGANIA מרכך ארגן לכל סוגי השיער ללא מלחים 450 מ""ל","ARGANIA מרכך ארגן לכל סוגי השיער ללא מלחים 450 מ""ל",in stock,new,29.90 ILS,,https://aroam.co.il/care/?product=8400031,https://aroam.co.il/images/%D7%9E%D7%97%D7%99%D7%A8%D7%95%D7%9F/ARGANIA%20%D7%9E%D7%A8%D7%9B%D7%9A%20%D7%90%D7%A8%D7%92%D7%9F%20%D7%9C%D7%9B%D7%9C%20%D7%A1%D7%95%D7%92%D7%99%20%D7%94%D7%A9%D7%99%D7%A2%D7%A8%20%D7%9C%D7%9C%D7%90%20%D7%9E%D7%9C%D7%97%D7%99%D7%9D%20%20450%20%D7%9E%22%D7%9C.jpg,ARGANIA
8400024,"ARGANIA מרכך חומצה היאלורונית וחמאת שיאה לשיער מתולתל ומסולסל 450 מ""ל","ARGANIA מרכך חומצה היאלורונית וחמאת שיאה לשיער מתולתל ומסולסל 450 מ""ל",in stock,new,29.90 ILS,,https://aroam.co.il/care/?product=8400024,https://aroam.co.il/images/%D7%9E%D7%97%D7%99%D7%A8%D7%95%D7%9F/ARGANIA%20%D7%9E%D7%A8%D7%9B%D7%9A%20%D7%97%D7%95%D7%9E%D7%A6%D7%94%20%D7%94%D7%99%D7%90%D7%9C%D7%95%D7%A8%D7%95%D7%A0%D7%99%D7%AA%20%D7%95%D7%97%D7%9E%D7%90%D7%AA%20%D7%A9%D7%99%D7%90%D7%94%20%D7%9C%D7%A9%D7%99%D7%A2%D7%A8%20%D7%9E%D7%AA%D7%95%D7%9C%D7%AA%D7%9C%20%D7%95%D7%9E%D7%A1%D7%95%D7%9C%D7%A1%D7%9C%20450%20%D7%9E%22%D7%9C.jpg,ARGANIA
8400032,"ARGANIA מרכך טיפולי חומצה היאלרונית וקרטין ללא מלחים לשיער פגום מאוד 450 מ""ל","ARGANIA מרכך טיפולי חומצה היאלרונית וקרטין ללא מלחים לשיער פגום מאוד 450 מ""ל",in stock,new,29.90 ILS,,https://aroam.co.il/care/?product=8400032,https://aroam.co.il/images/%D7%9E%D7%97%D7%99%D7%A8%D7%95%D7%9F/ARGANIA%20%D7%9E%D7%A8%D7%9B%D7%9A%20%D7%98%D7%99%D7%A4%D7%95%D7%9C%D7%99%20%D7%97%D7%95%D7%9E%D7%A6%D7%94%20%D7%94%D7%99%D7%90%D7%9C%D7%A8%D7%95%D7%A0%D7%99%D7%AA%20%D7%95%D7%A7%D7%A8%D7%98%D7%99%D7%9F%20%D7%9C%D7%9C%D7%90%20%D7%9E%D7%9C%D7%97%D7%99%D7%9D%20%D7%9C%D7%A9%D7%99%D7%A2%D7%A8%20%D7%A4%D7%92%D7%95%D7%9D%20%D7%9E%D7%90%D7%95%D7%93%20450%20%D7%9E%22%D7%9C.jpg,ARGANIA
8400034,"ARGANIA מרכך קיק ללא מלחים לחיזוק שורש השיערה 450 מ""ל","ARGANIA מרכך קיק ללא מלחים לחיזוק שורש השיערה 450 מ""ל",in stock,new,29.90 ILS,,https://aroam.co.il/care/?product=8400034,https://aroam.co.il/images/%D7%9E%D7%97%D7%99%D7%A8%D7%95%D7%9F/ARGANIA%20%D7%9E%D7%A8%D7%9B%D7%9A%20%D7%A7%D7%99%D7%A7%20%D7%9C%D7%9C%D7%90%20%D7%9E%D7%9C%D7%97%D7%99%D7%9D%20%D7%9C%D7%97%D7%99%D7%96%D7%95%D7%A7%20%D7%A9%D7%95%D7%A8%D7%A9%20%D7%94%D7%A9%D7%99%D7%A2%D7%A8%D7%94%20450%20%D7%9E%22%D7%9C.jpg,ARGANIA
8400087,"ARGANIA סרום חומצה היאלרונית וקרטין לשיער מסולסל 100 מ""ל","ARGANIA סרום חומצה היאלרונית וקרטין לשיער מסולסל 100 מ""ל",in stock,new,39.90 ILS,,https://aroam.co.il/care/?product=8400087,https://aroam.co.il/images/%D7%9E%D7%97%D7%99%D7%A8%D7%95%D7%9F/ARGANIA%20%D7%A1%D7%A8%D7%95%D7%9D%20%D7%97%D7%95%D7%9E%D7%A6%D7%94%20%D7%94%D7%99%D7%90%D7%9C%D7%A8%D7%95%D7%A0%D7%99%D7%AA%20%D7%95%D7%A7%D7%A8%D7%98%D7%99%D7%9F%20%D7%9C%D7%A9%D7%99%D7%A2%D7%A8%20%D7%9E%D7%A1%D7%95%D7%9C%D7%A1%D7%9C%20100%20%D7%9E%22%D7%9C.jpg,ARGANIA
8400036,"ARGANIA סרום קיק לחיזוק שורש השערה 100 מ""ל","ARGANIA סרום קיק לחיזוק שורש השערה 100 מ""ל",in stock,new,39.90 ILS,,https://aroam.co.il/care/?product=8400036,https://aroam.co.il/images/%D7%9E%D7%97%D7%99%D7%A8%D7%95%D7%9F/ARGANIA%20%D7%A1%D7%A8%D7%95%D7%9D%20%D7%A7%D7%99%D7%A7%20%D7%9C%D7%97%D7%99%D7%96%D7%95%D7%A7%20%D7%A9%D7%95%D7%A8%D7%A9%20%D7%94%D7%A9%D7%A2%D7%A8%D7%94%20100%20%D7%9E%22%D7%9C.jpg,ARGANIA
8400042,"ARGANIA שמן קיק 100 מ""ל","ARGANIA שמן קיק 100 מ""ל",in stock,new,19.90 ILS,,https://aroam.co.il/care/?product=8400042,https://aroam.co.il/images/%D7%9E%D7%97%D7%99%D7%A8%D7%95%D7%9F/ARGANIA%20%D7%A9%D7%9E%D7%9F%20%D7%A7%D7%99%D7%A7%20100%20%D7%9E%22%D7%9C.jpg,ARGANIA
8400045,"ARGANIA שמפו ארגן לכל סוגי השיער ללא מלחים 450 מ""ל","ARGANIA שמפו ארגן לכל סוגי השיער ללא מלחים 450 מ""ל",in stock,new,29.90 ILS,,https://aroam.co.il/care/?product=8400045,https://aroam.co.il/images/%D7%9E%D7%97%D7%99%D7%A8%D7%95%D7%9F/ARGANIA%20%D7%A9%D7%9E%D7%A4%D7%95%20%D7%90%D7%A8%D7%92%D7%9F%20%D7%9C%D7%9B%D7%9C%20%D7%A1%D7%95%D7%92%D7%99%20%D7%94%D7%A9%D7%99%D7%A2%D7%A8%20%D7%9C%D7%9C%D7%90%20%D7%9E%D7%9C%D7%97%D7%99%D7%9D%20%20450%20%D7%9E%22%D7%9C.jpg,ARGANIA
8400023,"ARGANIA שמפו חומצה היאלורונית וחמאת שיאה לשיער מתולתל ומסולסל 450 מ""ל","ARGANIA שמפו חומצה היאלורונית וחמאת שיאה לשיער מתולתל ומסולסל 450 מ""ל",in stock,new,29.90 ILS,,https://aroam.co.il/care/?product=8400023,https://aroam.co.il/images/%D7%9E%D7%97%D7%99%D7%A8%D7%95%D7%9F/ARGANIA%20%D7%A9%D7%9E%D7%A4%D7%95%20%D7%97%D7%95%D7%9E%D7%A6%D7%94%20%D7%94%D7%99%D7%90%D7%9C%D7%95%D7%A8%D7%95%D7%A0%D7%99%D7%AA%20%D7%95%D7%97%D7%9E%D7%90%D7%AA%20%D7%A9%D7%99%D7%90%D7%94%20%20%D7%9C%D7%A9%D7%99%D7%A2%D7%A8%20%D7%9E%D7%AA%D7%95%D7%9C%D7%AA%D7%9C%20%D7%95%D7%9E%D7%A1%D7%95%D7%9C%D7%A1%D7%9C%20450%20%D7%9E%22%D7%9C.jpg,ARGANIA
8400044,"ARGANIA שמפו טיפולי חומצה היאלרונית וקרטין לשיער פגום מאוד ללא מלחים 450 מ""ל","ARGANIA שמפו טיפולי חומצה היאלרונית וקרטין לשיער פגום מאוד ללא מלחים 450 מ""ל",in stock,new,29.90 ILS,,https://aroam.co.il/care/?product=8400044,https://aroam.co.il/images/%D7%9E%D7%97%D7%99%D7%A8%D7%95%D7%9F/ARGANIA%20%D7%A9%D7%9E%D7%A4%D7%95%20%D7%98%D7%99%D7%A4%D7%95%D7%9C%D7%99%20%D7%97%D7%95%D7%9E%D7%A6%D7%94%20%D7%94%D7%99%D7%90%D7%9C%D7%A8%D7%95%D7%A0%D7%99%D7%AA%20%D7%95%D7%A7%D7%A8%D7%98%D7%99%D7%9F%20%D7%9C%D7%A9%D7%99%D7%A2%D7%A8%20%D7%A4%D7%92%D7%95%D7%9D%20%D7%9E%D7%90%D7%95%D7%93%20%D7%9C%D7%9C%D7%90%20%D7%9E%D7%9C%D7%97%D7%99%D7%9D%20450%20%D7%9E%22%D7%9C.jpg,ARGANIA
8400053,"ARGANIA שמפו קיק ללא מלחים לחיזוק השורש והשערה במניעת נשירה 450 מ""ל","ARGANIA שמפו קיק ללא מלחים לחיזוק השורש והשערה במניעת נשירה 450 מ""ל",in stock,new,29.90 ILS,,https://aroam.co.il/care/?product=8400053,https://aroam.co.il/images/%D7%9E%D7%97%D7%99%D7%A8%D7%95%D7%9F/ARGANIA%20%D7%A9%D7%9E%D7%A4%D7%95%20%D7%A7%D7%99%D7%A7%20%D7%9C%D7%9C%D7%90%20%D7%9E%D7%9C%D7%97%D7%99%D7%9D%20%D7%9C%D7%97%D7%99%D7%96%D7%95%D7%A7%20%D7%94%D7%A9%D7%95%D7%A8%D7%A9%20%D7%95%D7%94%D7%A9%D7%A2%D7%A8%D7%94%20%D7%91%D7%9E%D7%A0%D7%99%D7%A2%D7%AA%20%D7%A0%D7%A9%D7%99%D7%A8%D7%94%20450%20%D7%9E%22%D7%9C.jpg,ARGANIA
1500821,VENUS SIMPLY בייסיק סכיני גילוח חד פעמי 5 יח',VENUS SIMPLY בייסיק סכיני גילוח חד פעמי 5 יח',in stock,new,9.90 ILS,,https://aroam.co.il/care/?product=1500821,https://aroam.co.il/images/%D7%9E%D7%97%D7%99%D7%A8%D7%95%D7%9F/VENUS%20SIMPLY%20%D7%91%D7%99%D7%99%D7%A1%D7%99%D7%A7%20%D7%A1%D7%9B%D7%99%D7%A0%D7%99%20%D7%92%D7%99%D7%9C%D7%95%D7%97%20%D7%97%D7%93%20%D7%A4%D7%A2%D7%9E%D7%99%205%20%D7%99%D7%97%27.jpg,VENUS
1501015,מגן תחתון אולוויז לארג' 48 יחידות,מגן תחתון אולוויז לארג' 48 יחידות,in stock,new,16.90 ILS,,https://aroam.co.il/care/?product=1501015,https://aroam.co.il/images/%D7%9E%D7%97%D7%99%D7%A8%D7%95%D7%9F/%D7%9E%D7%92%D7%9F%20%D7%AA%D7%97%D7%AA%D7%95%D7%9F%20%D7%90%D7%95%D7%9C%D7%95%D7%95%D7%99%D7%96%20%D7%9C%D7%90%D7%A8%D7%92%27%2048%20%D7%99%D7%97%D7%99%D7%93%D7%95%D7%AA.jpg,אולוויז
1501001,מגן תחתון אולוויז נורמל פרש 56 יח',מגן תחתון אולוויז נורמל פרש 56 יח',in stock,new,16.90 ILS,,https://aroam.co.il/care/?product=1501001,https://aroam.co.il/images/%D7%9E%D7%97%D7%99%D7%A8%D7%95%D7%9F/%D7%9E%D7%92%D7%9F%20%D7%AA%D7%97%D7%AA%D7%95%D7%9F%20%D7%90%D7%95%D7%9C%D7%95%D7%95%D7%99%D7%96%20%D7%A0%D7%95%D7%A8%D7%9E%D7%9C%20%D7%A4%D7%A8%D7%A9%2056%20%D7%99%D7%97%27.jpg,אולוויז
1501019,תחבושות אולוויז אולטרה לונג מידה 2,18 יחידות,in stock,new,16.90 ILS,,https://aroam.co.il/care/?product=1501019,https://aroam.co.il/images/%D7%9E%D7%97%D7%99%D7%A8%D7%95%D7%9F/%D7%AA%D7%97%D7%91%D7%95%D7%A9%D7%95%D7%AA%20%D7%90%D7%95%D7%9C%D7%95%D7%95%D7%99%D7%96%20%D7%90%D7%95%D7%9C%D7%98%D7%A8%D7%94%20%D7%9C%D7%95%D7%A0%D7%92%20%D7%9E%D7%99%D7%93%D7%94%202.jpg,אולוויז
1500887,תחבושות אולוויז אולטרה לילה בטוח אקסטרא מידה 5,10 יחידות,in stock,new,24.90 ILS,,https://aroam.co.il/care/?product=1500887,https://aroam.co.il/images/%D7%9E%D7%97%D7%99%D7%A8%D7%95%D7%9F/%D7%AA%D7%97%D7%91%D7%95%D7%A9%D7%95%D7%AA%20%D7%90%D7%95%D7%9C%D7%95%D7%95%D7%99%D7%96%20%D7%90%D7%95%D7%9C%D7%98%D7%A8%D7%94%20%D7%9C%D7%99%D7%9C%D7%94%20%D7%91%D7%98%D7%95%D7%97%20%D7%90%D7%A7%D7%A1%D7%98%D7%A8%D7%90%20%D7%9E%D7%99%D7%93%D7%94%205.jpg,אולוויז
1501142,תחבושות אולוויז אולטרה לילה מידה 3,16 יחידות,in stock,new,16.90 ILS,,https://aroam.co.il/care/?product=1501142,https://aroam.co.il/images/%D7%9E%D7%97%D7%99%D7%A8%D7%95%D7%9F/%D7%AA%D7%97%D7%91%D7%95%D7%A9%D7%95%D7%AA%20%D7%90%D7%95%D7%9C%D7%95%D7%95%D7%99%D7%96%20%D7%90%D7%95%D7%9C%D7%98%D7%A8%D7%94%20%D7%9C%D7%99%D7%9C%D7%94%20%D7%9E%D7%99%D7%93%D7%94%203.jpg,אולוויז
1500474,תחבושות אולוויז אולטרה לילה סקיור נייט מידה 4,12 יחידות,in stock,new,24.90 ILS,,https://aroam.co.il/care/?product=1500474,,אולוויז
1501147,תחבושות אולוויז אולטרה נורמל מידה 1,20 יחידות,in stock,new,13.90 ILS,,https://aroam.co.il/care/?product=1501147,https://aroam.co.il/images/%D7%9E%D7%97%D7%99%D7%A8%D7%95%D7%9F/%D7%AA%D7%97%D7%91%D7%95%D7%A9%D7%95%D7%AA%20%D7%90%D7%95%D7%9C%D7%95%D7%95%D7%99%D7%96%20%D7%90%D7%95%D7%9C%D7%98%D7%A8%D7%94%20%D7%A0%D7%95%D7%A8%D7%9E%D7%9C%20%D7%9E%D7%99%D7%93%D7%94%201.jpg,אולוויז
1600370,PHARMA DENT קיסמי מברשת דו צדדיים 300 יח',PHARMA DENT קיסמי מברשת דו צדדיים 300 יח',in stock,new,10.90 ILS,,https://aroam.co.il/care/?product=1600370,https://aroam.co.il/images/%D7%9E%D7%97%D7%99%D7%A8%D7%95%D7%9F/PHARMA%20DENT%20%D7%A7%D7%99%D7%A1%D7%9E%D7%99%20%D7%9E%D7%91%D7%A8%D7%A9%D7%AA%20%D7%93%D7%95%20%D7%A6%D7%93%D7%93%D7%99%D7%99%D7%9D%20300%20%D7%99%D7%97%27.jpg,PHARMA DENT
1600372,PHARMA DENT קיסמי מברשת דו צדדיים בטעם מנטה 100 יח',PHARMA DENT קיסמי מברשת דו צדדיים בטעם מנטה 100 יח',in stock,new,10.90 ILS,,https://aroam.co.il/care/?product=1600372,https://aroam.co.il/images/%D7%9E%D7%97%D7%99%D7%A8%D7%95%D7%9F/PHARMA%20DENT%20%D7%A7%D7%99%D7%A1%D7%9E%D7%99%20%D7%9E%D7%91%D7%A8%D7%A9%D7%AA%20%D7%93%D7%95%20%D7%A6%D7%93%D7%93%D7%99%D7%99%D7%9D%20%D7%91%D7%98%D7%A2%D7%9D%20%D7%9E%D7%A0%D7%98%D7%94%20100%20%D7%99%D7%97%27.jpg,PHARMA DENT
1600369,PHARMA DENT קיסמי שיניים משולבים בחוט דנטלי בטעם מנטה עדין 36 יח',PHARMA DENT קיסמי שיניים משולבים בחוט דנטלי בטעם מנטה עדין 36 יח',in stock,new,10.90 ILS,,https://aroam.co.il/care/?product=1600369,https://aroam.co.il/images/%D7%9E%D7%97%D7%99%D7%A8%D7%95%D7%9F/PHARMA%20DENT%20%D7%A7%D7%99%D7%A1%D7%9E%D7%99%20%D7%A9%D7%99%D7%A0%D7%99%D7%99%D7%9D%20%D7%9E%D7%A9%D7%95%D7%9C%D7%91%D7%99%D7%9D%20%D7%91%D7%97%D7%95%D7%98%20%D7%93%D7%A0%D7%98%D7%9C%D7%99%20%D7%91%D7%98%D7%A2%D7%9D%20%D7%9E%D7%A0%D7%98%D7%94%20%D7%A2%D7%93%D7%99%D7%9F%2036%20%D7%99%D7%97%27.jpg,PHARMA DENT
1600623,מברשות שיניים אורל בי סופט שישייה,מברשות שיניים אורל בי סופט שישייה,in stock,new,12.90 ILS,,https://aroam.co.il/care/?product=1600623,https://aroam.co.il/images/%D7%9E%D7%97%D7%99%D7%A8%D7%95%D7%9F/%D7%9E%D7%91%D7%A8%D7%A9%D7%95%D7%AA%20%D7%A9%D7%99%D7%A0%D7%99%D7%99%D7%9D%20%D7%90%D7%95%D7%A8%D7%9C%20%D7%91%D7%99%20%D7%A1%D7%95%D7%A4%D7%98%20%D7%A9%D7%99%D7%A9%D7%99%D7%99%D7%94.jpg,אורל בי
1600665,מברשת שיניים אורל בי שלישייה ילדים,+2,in stock,new,12.90 ILS,,https://aroam.co.il/care/?product=1600665,https://aroam.co.il/images/%D7%9E%D7%97%D7%99%D7%A8%D7%95%D7%9F/%D7%9E%D7%91%D7%A8%D7%A9%D7%AA%20%D7%A9%D7%99%D7%A0%D7%99%D7%99%D7%9D%20%D7%90%D7%95%D7%A8%D7%9C%20%D7%91%D7%99%20%D7%A9%D7%9C%D7%99%D7%A9%D7%99%D7%99%D7%94%20%D7%99%D7%9C%D7%93%D7%99%D7%9D.jpg,אורל בי
1600125,מברשת שיניים קולגייט אקסטרא קלין שלישיה,מברשת שיניים קולגייט אקסטרא קלין שלישיה,in stock,new,8.90 ILS,,https://aroam.co.il/care/?product=1600125,https://aroam.co.il/images/%D7%9E%D7%97%D7%99%D7%A8%D7%95%D7%9F/%D7%9E%D7%91%D7%A8%D7%A9%D7%AA%20%D7%A9%D7%99%D7%A0%D7%99%D7%99%D7%9D%20%D7%A7%D7%95%D7%9C%D7%92%D7%99%D7%99%D7%98%20%D7%90%D7%A7%D7%A1%D7%98%D7%A8%D7%90%20%D7%A7%D7%9C%D7%99%D7%9F%20%D7%A9%D7%9C%D7%99%D7%A9%D7%99%D7%94.jpg,קולגייט
1600690,מברשת שיניים קולגייט סופט 360 זוג,מברשת שיניים קולגייט סופט 360 זוג,in stock,new,19.90 ILS,,https://aroam.co.il/care/?product=1600690,https://aroam.co.il/images/%D7%9E%D7%97%D7%99%D7%A8%D7%95%D7%9F/%D7%9E%D7%91%D7%A8%D7%A9%D7%AA%20%D7%A9%D7%99%D7%A0%D7%99%D7%99%D7%9D%20%D7%A7%D7%95%D7%9C%D7%92%D7%99%D7%99%D7%98%20%D7%A1%D7%95%D7%A4%D7%98%20360%20%D7%96%D7%95%D7%92.jpg,קולגייט
1600020,"משחת שיניים טום וגרי טעם מסטיק 50 מ""ל","משחת שיניים טום וגרי טעם מסטיק 50 מ""ל",in stock,new,9.90 ILS,,https://aroam.co.il/care/?product=1600020,https://aroam.co.il/images/%D7%9E%D7%97%D7%99%D7%A8%D7%95%D7%9F/%D7%9E%D7%A9%D7%97%D7%AA%20%D7%A9%D7%99%D7%A0%D7%99%D7%99%D7%9D%20%D7%98%D7%95%D7%9D%20%D7%95%D7%92%D7%A8%D7%99%20%D7%98%D7%A2%D7%9D%20%D7%9E%D7%A1%D7%98%D7%99%D7%A7%2050%20%D7%9E%22%D7%9C.jpg,טום וגרי
1600271,"משחת שיניים סנסודיין קלין אנד פרש 75 מ""ל","משחת שיניים סנסודיין קלין אנד פרש 75 מ""ל",in stock,new,17.90 ILS,,https://aroam.co.il/care/?product=1600271,https://aroam.co.il/images/%D7%9E%D7%97%D7%99%D7%A8%D7%95%D7%9F/%D7%9E%D7%A9%D7%97%D7%AA%20%D7%A9%D7%99%D7%A0%D7%99%D7%99%D7%9D%20%D7%A1%D7%A0%D7%A1%D7%95%D7%93%D7%99%D7%99%D7%9F%20%D7%A7%D7%9C%D7%99%D7%9F%20%D7%90%D7%A0%D7%93%20%D7%A4%D7%A8%D7%A9%2075%20%D7%9E%22%D7%9C.jpg,סנסודיין
1600688,"משחת שיניים קולגייט אדומה 100 מ""ל","משחת שיניים קולגייט אדומה 100 מ""ל",in stock,new,10.90 ILS,,https://aroam.co.il/care/?product=1600688,https://aroam.co.il/images/%D7%9E%D7%97%D7%99%D7%A8%D7%95%D7%9F/%D7%9E%D7%A9%D7%97%D7%AA%20%D7%A9%D7%99%D7%A0%D7%99%D7%99%D7%9D%20%D7%A7%D7%95%D7%9C%D7%92%D7%99%D7%99%D7%98%20%D7%90%D7%93%D7%95%D7%9E%D7%94%20100%20%D7%9E%22%D7%9C.jpg,קולגייט
1600157,"שטיפת פה ליסטרין קולמינט 500 מ""ל",מגוון טעמים,in stock,new,17.90 ILS,,https://aroam.co.il/care/?product=1600157,https://aroam.co.il/images/%D7%9E%D7%97%D7%99%D7%A8%D7%95%D7%9F/%D7%A9%D7%98%D7%99%D7%A4%D7%AA%20%D7%A4%D7%94%20%D7%9C%D7%99%D7%A1%D7%98%D7%A8%D7%99%D7%9F%20%D7%A7%D7%95%D7%9C%D7%9E%D7%99%D7%A0%D7%98%20500%20%D7%9E%22%D7%9C.jpg,ליסטרין
3101704,LENOR כדוריות הבושם ניחוח פרש 150 גרם,מגוון ריחות,in stock,new,19.90 ILS,,https://aroam.co.il/care/?product=3101704,https://aroam.co.il/images/%D7%9E%D7%97%D7%99%D7%A8%D7%95%D7%9F/LENOR%20%D7%9B%D7%93%D7%95%D7%A8%D7%99%D7%95%D7%AA%20%D7%94%D7%91%D7%95%D7%A9%D7%9D%20%D7%A0%D7%99%D7%97%D7%95%D7%97%20%D7%A4%D7%A8%D7%A9%20150%20%D7%92%D7%A8%D7%9D.jpg,LENOR
3101671,אריאל קפסולות ג'ל לכביסה הסרת כתמים 44 יחידות,אריאל קפסולות ג'ל לכביסה הסרת כתמים 44 יחידות,in stock,new,62.90 ILS,,https://aroam.co.il/care/?product=3101671,https://aroam.co.il/images/%D7%9E%D7%97%D7%99%D7%A8%D7%95%D7%9F/%D7%90%D7%A8%D7%99%D7%90%D7%9C%20%D7%A7%D7%A4%D7%A1%D7%95%D7%9C%D7%95%D7%AA%20%D7%92%27%D7%9C%20%D7%9C%D7%9B%D7%91%D7%99%D7%A1%D7%94%20%D7%94%D7%A1%D7%A8%D7%AA%20%D7%9B%D7%AA%D7%9E%D7%99%D7%9D%2044%20%D7%99%D7%97%D7%99%D7%93%D7%95%D7%AA.jpg,אריאל
3101674,אריאל קפסולות ג'ל לכביסה 28 יחידות,אריאל קפסולות ג'ל לכביסה 28 יחידות,in stock,new,44.90 ILS,,https://aroam.co.il/care/?product=3101674,https://aroam.co.il/images/%D7%9E%D7%97%D7%99%D7%A8%D7%95%D7%9F/%D7%90%D7%A8%D7%99%D7%90%D7%9C%20%D7%A7%D7%A4%D7%A1%D7%95%D7%9C%D7%95%D7%AA%20%D7%92%27%D7%9C%20%D7%9C%D7%9B%D7%91%D7%99%D7%A1%D7%94%2028%20%D7%99%D7%97%D7%99%D7%93%D7%95%D7%AA%20.jpg,אריאל
3101673,אריאל קפסולות ג'ל לכביסה לבנה 28 יחידות,אריאל קפסולות ג'ל לכביסה לבנה 28 יחידות,in stock,new,44.90 ILS,,https://aroam.co.il/care/?product=3101673,https://aroam.co.il/images/%D7%9E%D7%97%D7%99%D7%A8%D7%95%D7%9F/%D7%90%D7%A8%D7%99%D7%90%D7%9C%20%D7%A7%D7%A4%D7%A1%D7%95%D7%9C%D7%95%D7%AA%20%D7%92%27%D7%9C%20%D7%9C%D7%9B%D7%91%D7%99%D7%A1%D7%94%20%D7%9C%D7%91%D7%A0%D7%94%2028%20%D7%99%D7%97%D7%99%D7%93%D7%95%D7%AA.jpg,אריאל
3101527,פרסיל קפסולות ג'ל לכביסה קולור 44 יחידות,פרסיל קפסולות ג'ל לכביסה קולור 44 יחידות,in stock,new,44.90 ILS,,https://aroam.co.il/care/?product=3101527,https://aroam.co.il/images/%D7%9E%D7%97%D7%99%D7%A8%D7%95%D7%9F/%D7%A4%D7%A8%D7%A1%D7%99%D7%9C%20%D7%A7%D7%A4%D7%A1%D7%95%D7%9C%D7%95%D7%AA%20%D7%92%27%D7%9C%20%D7%9C%D7%9B%D7%91%D7%99%D7%A1%D7%94%20%D7%A7%D7%95%D7%9C%D7%95%D7%A8%2044%20%D7%99%D7%97%D7%99%D7%93%D7%95%D7%AA.jpg,פרסיל
3101686,פרסיל קפסולות ג'ל לכביסה דיסקס אקספרט הסרת כתמים קשים 20 יחידות,פרסיל קפסולות ג'ל לכביסה דיסקס אקספרט הסרת כתמים קשים 20 יחידות,in stock,new,31.90 ILS,,https://aroam.co.il/care/?product=3101686,https://aroam.co.il/images/%D7%9E%D7%97%D7%99%D7%A8%D7%95%D7%9F/%D7%A4%D7%A8%D7%A1%D7%99%D7%9C%20%D7%A7%D7%A4%D7%A1%D7%95%D7%9C%D7%95%D7%AA%20%D7%92%27%D7%9C%20%D7%9C%D7%9B%D7%91%D7%99%D7%A1%D7%94%20%D7%93%D7%99%D7%A1%D7%A7%D7%A1%20%D7%90%D7%A7%D7%A1%D7%A4%D7%A8%D7%98%20%D7%94%D7%A1%D7%A8%D7%AA%20%D7%9B%D7%AA%D7%9E%D7%99%D7%9D%20%D7%A7%D7%A9%D7%99%D7%9D%2020%20%D7%99%D7%97%D7%99%D7%93%D7%95%D7%AA.jpg,פרסיל
3101685,פרסיל קפסולות ג'ל לכביסה דיסקס לבנדר 20 יחידות,פרסיל קפסולות ג'ל לכביסה דיסקס לבנדר 20 יחידות,in stock,new,31.90 ILS,,https://aroam.co.il/care/?product=3101685,https://aroam.co.il/images/%D7%9E%D7%97%D7%99%D7%A8%D7%95%D7%9F/%D7%A4%D7%A8%D7%A1%D7%99%D7%9C%20%D7%A7%D7%A4%D7%A1%D7%95%D7%9C%D7%95%D7%AA%20%D7%92%27%D7%9C%20%D7%9C%D7%9B%D7%91%D7%99%D7%A1%D7%94%20%D7%93%D7%99%D7%A1%D7%A7%D7%A1%20%D7%9C%D7%91%D7%A0%D7%93%D7%A8%2020%20%D7%99%D7%97%D7%99%D7%93%D7%95%D7%AA.jpg,פרסיל
2600631,DOVE סבון מוצק גרגרי פילינג רביעיה 4*90 גר',DOVE סבון מוצק גרגרי פילינג רביעיה 4*90 גר',in stock,new,11.90 ILS,,https://aroam.co.il/care/?product=2600631,https://aroam.co.il/images/%D7%9E%D7%97%D7%99%D7%A8%D7%95%D7%9F/DOVE%20%D7%A1%D7%91%D7%95%D7%9F%20%D7%9E%D7%95%D7%A6%D7%A7%20%D7%92%D7%A8%D7%92%D7%A8%D7%99%20%D7%A4%D7%99%D7%9C%D7%99%D7%A0%D7%92%20%D7%A8%D7%91%D7%99%D7%A2%D7%99%D7%94%204%2A90%20%D7%92%D7%A8%27.jpg,DOVE
2600800,"וזלין טהור 50 מ""ל","וזלין טהור 50 מ""ל",in stock,new,6.90 ILS,,https://aroam.co.il/care/?product=2600800,https://aroam.co.il/images/%D7%9E%D7%97%D7%99%D7%A8%D7%95%D7%9F/%D7%95%D7%96%D7%9C%D7%99%D7%9F%20%D7%98%D7%94%D7%95%D7%A8%2050%20%D7%9E%22%D7%9C.jpg,וזלין
4400827,"ניוואה קרם רב שימושי 150 מ""ל","ניוואה קרם רב שימושי 150 מ""ל",in stock,new,14.90 ILS,,https://aroam.co.il/care/?product=4400827,https://aroam.co.il/images/%D7%9E%D7%97%D7%99%D7%A8%D7%95%D7%9F/%D7%A0%D7%99%D7%95%D7%95%D7%90%D7%94%20%D7%A7%D7%A8%D7%9D%20%D7%A8%D7%91%20%D7%A9%D7%99%D7%9E%D7%95%D7%A9%D7%99%20150%20%D7%9E%22%D7%9C.jpg,ניוואה
4400841,לבלו שפתון לחות אוריגינל 4.8 גרם,לבלו שפתון לחות אוריגינל 4.8 גרם,in stock,new,10.90 ILS,,https://aroam.co.il/care/?product=4400841,https://aroam.co.il/images/%D7%9E%D7%97%D7%99%D7%A8%D7%95%D7%9F/%D7%9C%D7%91%D7%9C%D7%95%20%D7%A9%D7%A4%D7%AA%D7%95%D7%9F%20%D7%9C%D7%97%D7%95%D7%AA%20%D7%90%D7%95%D7%A8%D7%99%D7%92%D7%99%D7%A0%D7%9C%204.8%20%D7%92%D7%A8%D7%9D.jpg,לבלו
4400831,"ניוואה דאו רול קול קיק 50 מ""ל","ניוואה דאו רול קול קיק 50 מ""ל",in stock,new,10.90 ILS,,https://aroam.co.il/care/?product=4400831,https://aroam.co.il/images/%D7%9E%D7%97%D7%99%D7%A8%D7%95%D7%9F/%D7%A0%D7%99%D7%95%D7%95%D7%90%D7%94%20%D7%93%D7%90%D7%95%20%D7%A8%D7%95%D7%9C%20%D7%A7%D7%95%D7%9C%20%D7%A7%D7%99%D7%A7%2050%20%D7%9E%22%D7%9C.jpg,ניוואה
2200250,"ג'ילט ג'ל גילוח סירייאס לעור רגיש 200 מ""ל","ג'ילט ג'ל גילוח סירייאס לעור רגיש 200 מ""ל",in stock,new,14.90 ILS,,https://aroam.co.il/care/?product=2200250,https://aroam.co.il/images/%D7%9E%D7%97%D7%99%D7%A8%D7%95%D7%9F/%D7%92%27%D7%99%D7%9C%D7%98%20%D7%92%27%D7%9C%20%D7%92%D7%99%D7%9C%D7%95%D7%97%20%D7%A1%D7%99%D7%A8%D7%99%D7%99%D7%90%D7%A1%20%D7%9C%D7%A2%D7%95%D7%A8%20%D7%A8%D7%92%D7%99%D7%A9%20200%20%D7%9E%22%D7%9C.jpg,ג'ילט
2200342,"ג'ילט דאו ג'ל אולמפיק גולד 70 מ""ל","ג'ילט דאו ג'ל אולמפיק גולד 70 מ""ל",in stock,new,17.90 ILS,,https://aroam.co.il/care/?product=2200342,https://aroam.co.il/images/%D7%9E%D7%97%D7%99%D7%A8%D7%95%D7%9F/%D7%92%27%D7%99%D7%9C%D7%98%20%D7%93%D7%90%D7%95%20%D7%92%27%D7%9C%20%D7%90%D7%95%D7%9C%D7%9E%D7%A4%D7%99%D7%A7%20%D7%92%D7%95%D7%9C%D7%93%2070%20%D7%9E%22%D7%9C.jpg,ג'ילט
2200338,ג'ילט טו סכיני גילוח חד פעמי חמישייה,ג'ילט טו סכיני גילוח חד פעמי חמישייה,in stock,new,7.90 ILS,,https://aroam.co.il/care/?product=2200338,https://aroam.co.il/images/%D7%9E%D7%97%D7%99%D7%A8%D7%95%D7%9F/%D7%92%27%D7%99%D7%9C%D7%98%20%D7%98%D7%95%20%D7%A1%D7%9B%D7%99%D7%A0%D7%99%20%D7%92%D7%99%D7%9C%D7%95%D7%97%20%D7%97%D7%93%20%D7%A4%D7%A2%D7%9E%D7%99%20%D7%97%D7%9E%D7%99%D7%A9%D7%99%D7%99%D7%94.jpg,ג'ילט
1501041,ג'ילט סכיני גילוח פיוז'ן סטארט רביעייה,ג'ילט סכיני גילוח פיוז'ן סטארט רביעייה,in stock,new,49.90 ILS,,https://aroam.co.il/care/?product=1501041,https://aroam.co.il/images/%D7%9E%D7%97%D7%99%D7%A8%D7%95%D7%9F/%D7%92%27%D7%99%D7%9C%D7%98%20%D7%A1%D7%9B%D7%99%D7%A0%D7%99%20%D7%92%D7%99%D7%9C%D7%95%D7%97%20%D7%A4%D7%99%D7%95%D7%96%27%D7%9F%20%D7%A1%D7%98%D7%90%D7%A8%D7%98%20%D7%A8%D7%91%D7%99%D7%A2%D7%99%D7%99%D7%94%20.jpg,ג'ילט
2200374,"ג'ילט קצף גילוח לגבר סנסטיב 200 מ""ל","ג'ילט קצף גילוח לגבר סנסטיב 200 מ""ל",in stock,new,13.90 ILS,,https://aroam.co.il/care/?product=2200374,https://aroam.co.il/images/%D7%9E%D7%97%D7%99%D7%A8%D7%95%D7%9F/%D7%92%27%D7%99%D7%9C%D7%98%20%D7%A7%D7%A6%D7%A3%20%D7%92%D7%99%D7%9C%D7%95%D7%97%20%D7%9C%D7%92%D7%91%D7%A8%20%D7%A1%D7%A0%D7%A1%D7%98%D7%99%D7%91%20200%20%D7%9E%22%D7%9C.jpg,ג'ילט
1020007,"LA BEAUTE מבשם שיער אינטנסיב קרטין טהור וארגן מתאים לכל סוגי השיער 50 מ""ל","LA BEAUTE מבשם שיער אינטנסיב קרטין טהור וארגן מתאים לכל סוגי השיער 50 מ""ל",in stock,new,64.90 ILS,,https://aroam.co.il/care/?product=1020007,https://aroam.co.il/images/%D7%9E%D7%97%D7%99%D7%A8%D7%95%D7%9F/LA%20BEAUTE%20%D7%9E%D7%91%D7%A9%D7%9D%20%D7%A9%D7%99%D7%A2%D7%A8%20%D7%90%D7%99%D7%A0%D7%98%D7%A0%D7%A1%D7%99%D7%91%20%D7%A7%D7%A8%D7%98%D7%99%D7%9F%20%D7%98%D7%94%D7%95%D7%A8%20%D7%95%D7%90%D7%A8%D7%92%D7%9F%20%D7%9E%D7%AA%D7%90%D7%99%D7%9D%20%D7%9C%D7%9B%D7%9C%20%D7%A1%D7%95%D7%92%D7%99%20%D7%94%D7%A9%D7%99%D7%A2%D7%A8%2050%20%D7%9E%22%D7%9C.png,LA BEAUTE
1020016,"LA BEAUTE מבשם שיער הוט קוטור מתאים לכל סוגי השיער 50 מ""ל","LA BEAUTE מבשם שיער הוט קוטור מתאים לכל סוגי השיער 50 מ""ל",in stock,new,64.90 ILS,,https://aroam.co.il/care/?product=1020016,https://aroam.co.il/images/%D7%9E%D7%97%D7%99%D7%A8%D7%95%D7%9F/LA%20BEAUTE%20%D7%9E%D7%91%D7%A9%D7%9D%20%D7%A9%D7%99%D7%A2%D7%A8%20%D7%94%D7%95%D7%98%20%D7%A7%D7%95%D7%98%D7%95%D7%A8%20%D7%9E%D7%AA%D7%90%D7%99%D7%9D%20%D7%9C%D7%9B%D7%9C%20%D7%A1%D7%95%D7%92%D7%99%20%D7%94%D7%A9%D7%99%D7%A2%D7%A8%2050%20%D7%9E%22%D7%9C.png,LA BEAUTE
1020080,"LA BEAUTE מסכה אינטנסיב קרטין טהור וארגן לשיער עבה, יבש, צבוע ולאחר החלקה 500 מ""ל (12 יחידות)","LA BEAUTE מסכה אינטנסיב קרטין טהור וארגן לשיער עבה, יבש, צבוע ולאחר החלקה 500 מ""ל (12 יחידות)",in stock,new,69.90 ILS,,https://aroam.co.il/care/?product=1020080,https://aroam.co.il/images/%D7%9E%D7%97%D7%99%D7%A8%D7%95%D7%9F/LA%20BEAUTE%20%D7%9E%D7%A1%D7%9B%D7%94%20%D7%90%D7%99%D7%A0%D7%98%D7%A0%D7%A1%D7%99%D7%91%20%D7%A7%D7%A8%D7%98%D7%99%D7%9F%20%D7%98%D7%94%D7%95%D7%A8%20%D7%95%D7%90%D7%A8%D7%92%D7%9F%20%D7%9C%D7%A9%D7%99%D7%A2%D7%A8%20%D7%A2%D7%91%D7%94%2C%20%D7%99%D7%91%D7%A9%2C%20%D7%A6%D7%91%D7%95%D7%A2%20%D7%95%D7%9C%D7%90%D7%97%D7%A8%20%D7%94%D7%97%D7%9C%D7%A7%D7%94%20500%20%D7%9E%22%D7%9C%20%2812%20%D7%99%D7%97%D7%99%D7%93%D7%95%D7%AA%29.png,LA BEAUTE
1020072,"LA BEAUTE מסכה אליקסיר קרטין טהור ושמן ארגן לשיער דק וקרקפת שומנית 500 מ""ל (12 יחידות)","LA BEAUTE מסכה אליקסיר קרטין טהור ושמן ארגן לשיער דק וקרקפת שומנית 500 מ""ל (12 יחידות)",in stock,new,69.90 ILS,,https://aroam.co.il/care/?product=1020072,https://aroam.co.il/images/%D7%9E%D7%97%D7%99%D7%A8%D7%95%D7%9F/LA%20BEAUTE%20%D7%9E%D7%A1%D7%9B%D7%94%20%D7%90%D7%9C%D7%99%D7%A7%D7%A1%D7%99%D7%A8%20%D7%A7%D7%A8%D7%98%D7%99%D7%9F%20%D7%98%D7%94%D7%95%D7%A8%20%D7%95%D7%A9%D7%9E%D7%9F%20%D7%90%D7%A8%D7%92%D7%9F%20%D7%9C%D7%A9%D7%99%D7%A2%D7%A8%20%D7%93%D7%A7%20%D7%95%D7%A7%D7%A8%D7%A7%D7%A4%D7%AA%20%D7%A9%D7%95%D7%9E%D7%A0%D7%99%D7%AA%20500%20%D7%9E%22%D7%9C%20%2812%20%D7%99%D7%97%D7%99%D7%93%D7%95%D7%AA%29.png,LA BEAUTE
1020015,"LA BEAUTE מסכה הוט קוטור לשיער רגיל עד יבש מאוד 500 מ""ל","LA BEAUTE מסכה הוט קוטור לשיער רגיל עד יבש מאוד 500 מ""ל",in stock,new,69.90 ILS,,https://aroam.co.il/care/?product=1020015,https://aroam.co.il/images/%D7%9E%D7%97%D7%99%D7%A8%D7%95%D7%9F/LA%20BEAUTE%20%D7%9E%D7%A1%D7%9B%D7%94%20%D7%94%D7%95%D7%98%20%D7%A7%D7%95%D7%98%D7%95%D7%A8%20%D7%9C%D7%A9%D7%99%D7%A2%D7%A8%20%D7%A8%D7%92%D7%99%D7%9C%20%D7%A2%D7%93%20%D7%99%D7%91%D7%A9%20%D7%9E%D7%90%D7%95%D7%93%20500%20%D7%9E%22%D7%9C.png,LA BEAUTE
1020030,"LA BEAUTE מסכה רד פייבר לשיער יבש, צבוע ופגום 500 מ""ל","LA BEAUTE מסכה רד פייבר לשיער יבש, צבוע ופגום 500 מ""ל",in stock,new,69.90 ILS,,https://aroam.co.il/care/?product=1020030,https://aroam.co.il/images/%D7%9E%D7%97%D7%99%D7%A8%D7%95%D7%9F/LA%20BEAUTE%20%D7%9E%D7%A1%D7%9B%D7%94%20%D7%A8%D7%93%20%D7%A4%D7%99%D7%99%D7%91%D7%A8%20%D7%9C%D7%A9%D7%99%D7%A2%D7%A8%20%D7%99%D7%91%D7%A9%2C%20%D7%A6%D7%91%D7%95%D7%A2%20%D7%95%D7%A4%D7%92%D7%95%D7%9D%20500%20%D7%9E%22%D7%9C.png,LA BEAUTE
1020073,"LA BEAUTE קרם לחות אינטנסיב לכל סוגי השיער בייחוד לשיער מתולתל 750 מ""ל","LA BEAUTE קרם לחות אינטנסיב לכל סוגי השיער בייחוד לשיער מתולתל 750 מ""ל",in stock,new,69.90 ILS,,https://aroam.co.il/care/?product=1020073,https://aroam.co.il/images/%D7%9E%D7%97%D7%99%D7%A8%D7%95%D7%9F/LA%20BEAUTE%20%D7%A7%D7%A8%D7%9D%20%D7%9C%D7%97%D7%95%D7%AA%20%D7%90%D7%99%D7%A0%D7%98%D7%A0%D7%A1%D7%99%D7%91%20%D7%9C%D7%9B%D7%9C%20%D7%A1%D7%95%D7%92%D7%99%20%D7%94%D7%A9%D7%99%D7%A2%D7%A8%20%D7%91%D7%99%D7%99%D7%97%D7%95%D7%93%20%D7%9C%D7%A9%D7%99%D7%A2%D7%A8%20%D7%9E%D7%AA%D7%95%D7%9C%D7%AA%D7%9C%20750%20%D7%9E%22%D7%9C.png,LA BEAUTE
1020002,"LA BEAUTE שמפו אינטנסיב קרטין טהור ושמן ארגן לשיער עבה, יבש, צבוע ולאחר החלקה 750 מ""ל","LA BEAUTE שמפו אינטנסיב קרטין טהור ושמן ארגן לשיער עבה, יבש, צבוע ולאחר החלקה 750 מ""ל",in stock,new,54.90 ILS,,https://aroam.co.il/care/?product=1020002,https://aroam.co.il/images/%D7%9E%D7%97%D7%99%D7%A8%D7%95%D7%9F/LA%20BEAUTE%20%D7%A9%D7%9E%D7%A4%D7%95%20%D7%90%D7%99%D7%A0%D7%98%D7%A0%D7%A1%D7%99%D7%91%20%D7%A7%D7%A8%D7%98%D7%99%D7%9F%20%D7%98%D7%94%D7%95%D7%A8%20%D7%95%D7%A9%D7%9E%D7%9F%20%D7%90%D7%A8%D7%92%D7%9F%20%D7%9C%D7%A9%D7%99%D7%A2%D7%A8%20%D7%A2%D7%91%D7%94%2C%20%D7%99%D7%91%D7%A9%2C%20%D7%A6%D7%91%D7%95%D7%A2%20%D7%95%D7%9C%D7%90%D7%97%D7%A8%20%D7%94%D7%97%D7%9C%D7%A7%D7%94%20750%20%D7%9E%22%D7%9C.png,LA BEAUTE
1020019,"LA BEAUTE שמפו אליקסיר ויטמין פרוטאין לשיער דק וקרקפת שומנית 750 מ""ל","LA BEAUTE שמפו אליקסיר ויטמין פרוטאין לשיער דק וקרקפת שומנית 750 מ""ל",in stock,new,54.90 ILS,,https://aroam.co.il/care/?product=1020019,https://aroam.co.il/images/%D7%9E%D7%97%D7%99%D7%A8%D7%95%D7%9F/LA%20BEAUTE%20%D7%A9%D7%9E%D7%A4%D7%95%20%D7%90%D7%9C%D7%99%D7%A7%D7%A1%D7%99%D7%A8%20%D7%95%D7%99%D7%98%D7%9E%D7%99%D7%9F%20%D7%A4%D7%A8%D7%95%D7%98%D7%90%D7%99%D7%9F%20%D7%9C%D7%A9%D7%99%D7%A2%D7%A8%20%D7%93%D7%A7%20%D7%95%D7%A7%D7%A8%D7%A7%D7%A4%D7%AA%20%D7%A9%D7%95%D7%9E%D7%A0%D7%99%D7%AA%20750%20%D7%9E%22%D7%9C.png,LA BEAUTE
1020011,"LA BEAUTE שמפו הוט קוטור חומצה היאלרונית לשיער רגיל עד יבש מאוד 750 מ""ל","LA BEAUTE שמפו הוט קוטור חומצה היאלרונית לשיער רגיל עד יבש מאוד 750 מ""ל",in stock,new,54.90 ILS,,https://aroam.co.il/care/?product=1020011,https://aroam.co.il/images/%D7%9E%D7%97%D7%99%D7%A8%D7%95%D7%9F/LA%20BEAUTE%20%D7%A9%D7%9E%D7%A4%D7%95%20%D7%94%D7%95%D7%98%20%D7%A7%D7%95%D7%98%D7%95%D7%A8%20%D7%97%D7%95%D7%9E%D7%A6%D7%94%20%D7%94%D7%99%D7%90%D7%9C%D7%A8%D7%95%D7%A0%D7%99%D7%AA%20%D7%9C%D7%A9%D7%99%D7%A2%D7%A8%20%D7%A8%D7%92%D7%99%D7%9C%20%D7%A2%D7%93%20%D7%99%D7%91%D7%A9%20%D7%9E%D7%90%D7%95%D7%93%20750%20%D7%9E%22%D7%9C.png,LA BEAUTE
1020026,"LA BEAUTE שמפו רד פייבר לשיער יבש, צבוע ופגום 750 מ""ל","LA BEAUTE שמפו רד פייבר לשיער יבש, צבוע ופגום 750 מ""ל",in stock,new,54.90 ILS,,https://aroam.co.il/care/?product=1020026,https://aroam.co.il/images/%D7%9E%D7%97%D7%99%D7%A8%D7%95%D7%9F/LA%20BEAUTE%20%D7%A9%D7%9E%D7%A4%D7%95%20%D7%A8%D7%93%20%D7%A4%D7%99%D7%99%D7%91%D7%A8%20%D7%9C%D7%A9%D7%99%D7%A2%D7%A8%20%D7%99%D7%91%D7%A9%2C%20%D7%A6%D7%91%D7%95%D7%A2%20%D7%95%D7%A4%D7%92%D7%95%D7%9D%20750%20%D7%9E%22%D7%9C.png,LA BEAUTE
