id,name,category,unit,brand,image,price,original_price,bundle,promo_start,promo_end,description
2600860,"פלמוליב קרם רחצה לגוף בניחוח חלב ודבש 750 מ""ל",כללי,יחידה,פלמוליב,"images/מחירון/פלמוליב קרם רחצה לגוף בניחוח חלב ודבש 750 מ""ל.jpg",14.9,16.9,,,,מגוון ריחות
8400027,"ARGANIA מסיכה טיפולית לשיער פגום מאוד מועשר בחומצה היאלורונית וקרטין ללא מלחים 500 מ""ל",שיער,יחידה,ARGANIA,"images/מחירון/ARGANIA מסיכה טיפולית לשיער פגום מאוד מועשר בחומצה היאלורונית וקרטין ללא מלחים 500 מ""ל.jpg",33.9,,,,,
8400020,"ARGANIA מסיכה לשיער מתולתל ומסולסל על בסיס חומצה היאלורונית וחמאת שיאה 500 מ""ל",שיער,יחידה,ARGANIA,"images/מחירון/ARGANIA מסיכה לשיער מתולתל ומסולסל על בסיס חומצה היאלורונית וחמאת שיאה 500 מ""ל.jpg",33.9,,,,,
8400029,"ARGANIA מסיכה לשיער קיק לחיזוק השורש והשיערה 500 מ""ל",שיער,יחידה,ARGANIA,"images/מחירון/ARGANIA מסיכה לשיער קיק לחיזוק השורש והשיערה 500 מ""ל.jpg",33.9,,,,,
8400028,"ARGANIA מסיכה לשיער שעבר החלקה על בסיס קרטין וארגן 500 מ""ל",שיער,יחידה,ARGANIA,"images/מחירון/ARGANIA מסיכה לשיער שעבר החלקה על בסיס קרטין וארגן 500 מ""ל.jpg",33.9,,,,,
8400031,"ARGANIA מרכך ארגן לכל סוגי השיער ללא מלחים 450 מ""ל",שיער,יחידה,ARGANIA,"images/מחירון/ARGANIA מרכך ארגן לכל סוגי השיער ללא מלחים  450 מ""ל.jpg",27,,,,,
8400024,"ARGANIA מרכך חומצה היאלורונית וחמאת שיאה לשיער מתולתל ומסולסל 450 מ""ל",שיער,יחידה,ARGANIA,"images/מחירון/ARGANIA מרכך חומצה היאלורונית וחמאת שיאה לשיער מתולתל ומסולסל 450 מ""ל.jpg",27,,,,,
8400032,"ARGANIA מרכך טיפולי חומצה היאלרונית וקרטין ללא מלחים לשיער פגום מאוד 450 מ""ל",שיער,יחידה,ARGANIA,"images/מחירון/ARGANIA מרכך טיפולי חומצה היאלרונית וקרטין ללא מלחים לשיער פגום מאוד 450 מ""ל.jpg",27,,,,,
8400034,"ARGANIA מרכך קיק ללא מלחים לחיזוק שורש השיערה 450 מ""ל",שיער,יחידה,ARGANIA,"images/מחירון/ARGANIA מרכך קיק ללא מלחים לחיזוק שורש השיערה 450 מ""ל.jpg",27,,,,,
8400087,"ARGANIA סרום חומצה היאלרונית וקרטין לשיער מסולסל 100 מ""ל",שיער,יחידה,ARGANIA,"images/מחירון/ARGANIA סרום חומצה היאלרונית וקרטין לשיער מסולסל 100 מ""ל.jpg",33.9,,,,,
8400036,"ARGANIA סרום קיק לחיזוק שורש השערה 100 מ""ל",שיער,יחידה,ARGANIA,"images/מחירון/ARGANIA סרום קיק לחיזוק שורש השערה 100 מ""ל.jpg",33.9,,,,,
8400042,"ARGANIA שמן קיק 100 מ""ל",שיער,יחידה,ARGANIA,"images/מחירון/ARGANIA שמן קיק 100 מ""ל.jpg",17.9,,,,,
8400045,"ARGANIA שמפו ארגן לכל סוגי השיער ללא מלחים 450 מ""ל",שיער,יחידה,ARGANIA,"images/מחירון/ARGANIA שמפו ארגן לכל סוגי השיער ללא מלחים  450 מ""ל.jpg",27,,,,,
8400023,"ARGANIA שמפו חומצה היאלורונית וחמאת שיאה לשיער מתולתל ומסולסל 450 מ""ל",שיער,יחידה,ARGANIA,"images/מחירון/ARGANIA שמפו חומצה היאלורונית וחמאת שיאה  לשיער מתולתל ומסולסל 450 מ""ל.jpg",27,,,,,
8400044,"ARGANIA שמפו טיפולי חומצה היאלרונית וקרטין לשיער פגום מאוד ללא מלחים 450 מ""ל",שיער,יחידה,ARGANIA,"images/מחירון/ARGANIA שמפו טיפולי חומצה היאלרונית וקרטין לשיער פגום מאוד ללא מלחים 450 מ""ל.jpg",27,,,,,
8400053,"ARGANIA שמפו קיק ללא מלחים לחיזוק השורש והשערה במניעת נשירה 450 מ""ל",שיער,יחידה,ARGANIA,"images/מחירון/ARGANIA שמפו קיק ללא מלחים לחיזוק השורש והשערה במניעת נשירה 450 מ""ל.jpg",27,,,,,
1500821,VENUS SIMPLY בייסיק סכיני גילוח חד פעמי 5 יח',נשים,יחידה,VENUS,images/מחירון/VENUS SIMPLY בייסיק סכיני גילוח חד פעמי 5 יח'.jpg,9,,,,,
1501015,מגן תחתון אולוויז לארג' 48 יחידות,נשים,יחידה,אולוויז,images/מחירון/מגן תחתון אולוויז לארג' 48 יחידות.jpg,15.8,,,,,
1501001,מגן תחתון אולוויז נורמל פרש 56 יח',נשים,יחידה,אולוויז,images/מחירון/מגן תחתון אולוויז נורמל פרש 56 יח'.jpg,15.8,,,,,
1501019,תחבושות אולוויז אולטרה לונג מידה 2,נשים,יחידה,אולוויז,images/מחירון/תחבושות אולוויז אולטרה לונג מידה 2.jpg,14.4,,,,,18 יחידות
1500887,תחבושות אולוויז אולטרה לילה בטוח אקסטרא מידה 5,נשים,יחידה,אולוויז,images/מחירון/תחבושות אולוויז אולטרה לילה בטוח אקסטרא מידה 5.jpg,21.2,,,,,10 יחידות
1501142,תחבושות אולוויז אולטרה לילה מידה 3,נשים,יחידה,אולוויז,images/מחירון/תחבושות אולוויז אולטרה לילה מידה 3.jpg,14.4,,,,,16 יחידות
1500474,תחבושות אולוויז אולטרה לילה סקיור נייט מידה 4,נשים,יחידה,אולוויז,,21.2,,,,,12 יחידות
1501147,תחבושות אולוויז אולטרה נורמל מידה 1,נשים,יחידה,אולוויז,images/מחירון/תחבושות אולוויז אולטרה נורמל מידה 1.jpg,12.8,,,,,20 יחידות
1600370,PHARMA DENT קיסמי מברשת דו צדדיים 300 יח',כללי,יחידה,PHARMA DENT,images/מחירון/PHARMA DENT קיסמי מברשת דו צדדיים 300 יח'.jpg,9.3,,,,,
1600372,PHARMA DENT קיסמי מברשת דו צדדיים בטעם מנטה 100 יח',כללי,יחידה,PHARMA DENT,images/מחירון/PHARMA DENT קיסמי מברשת דו צדדיים בטעם מנטה 100 יח'.jpg,9.3,,,,,
1600369,PHARMA DENT קיסמי שיניים משולבים בחוט דנטלי בטעם מנטה עדין 36 יח',כללי,יחידה,PHARMA DENT,images/מחירון/PHARMA DENT קיסמי שיניים משולבים בחוט דנטלי בטעם מנטה עדין 36 יח'.jpg,9.3,,,,,
1600623,מברשות שיניים אורל בי סופט שישייה,היגיינת פה,יחידה,אורל בי,images/מחירון/מברשות שיניים אורל בי סופט שישייה.jpg,11,,,,,
1600665,מברשת שיניים אורל בי שלישייה ילדים,היגיינת פה,יחידה,אורל בי,images/מחירון/מברשת שיניים אורל בי שלישייה ילדים.jpg,11,,,,,+2
1600125,מברשת שיניים קולגייט אקסטרא קלין שלישיה,היגיינת פה,יחידה,קולגייט,images/מחירון/מברשת שיניים קולגייט אקסטרא קלין שלישיה.jpg,8,,,,,
1600690,מברשת שיניים קולגייט סופט 360 זוג,היגיינת פה,יחידה,קולגייט,images/מחירון/מברשת שיניים קולגייט סופט 360 זוג.jpg,16.9,,,,,
1600020,"משחת שיניים טום וגרי טעם מסטיק 50 מ""ל",היגיינת פה,יחידה,טום וגרי,"images/מחירון/משחת שיניים טום וגרי טעם מסטיק 50 מ""ל.jpg",8.4,,,,,
1600271,"משחת שיניים סנסודיין קלין אנד פרש 75 מ""ל",היגיינת פה,יחידה,סנסודיין,"images/מחירון/משחת שיניים סנסודיין קלין אנד פרש 75 מ""ל.jpg",15.2,,,,,
1600688,"משחת שיניים קולגייט אדומה 100 מ""ל",היגיינת פה,יחידה,קולגייט,"images/מחירון/משחת שיניים קולגייט אדומה 100 מ""ל.jpg",9.3,,,,,
1600157,"שטיפת פה ליסטרין קולמינט 500 מ""ל",היגיינת פה,יחידה,ליסטרין,"images/מחירון/שטיפת פה ליסטרין קולמינט 500 מ""ל.jpg",16.4,,,,,מגוון טעמים
3101704,LENOR כדוריות הבושם ניחוח פרש 150 גרם,כביסה,יחידה,LENOR,images/מחירון/LENOR כדוריות הבושם ניחוח פרש 150 גרם.jpg,16.9,,,,,מגוון ריחות
3101671,אריאל קפסולות ג'ל לכביסה הסרת כתמים 44 יחידות,כביסה,יחידה,אריאל,images/מחירון/אריאל קפסולות ג'ל לכביסה הסרת כתמים 44 יחידות.jpg,59.9,,,,,
3101674,אריאל קפסולות ג'ל לכביסה 28 יחידות,כביסה,יחידה,אריאל,images/מחירון/אריאל קפסולות ג'ל לכביסה 28 יחידות .jpg,42,,,,,
3101673,אריאל קפסולות ג'ל לכביסה לבנה 28 יחידות,כביסה,יחידה,אריאל,images/מחירון/אריאל קפסולות ג'ל לכביסה לבנה 28 יחידות.jpg,42,,,,,
3101527,פרסיל קפסולות ג'ל לכביסה קולור 44 יחידות,כביסה,יחידה,פרסיל,images/מחירון/פרסיל קפסולות ג'ל לכביסה קולור 44 יחידות.jpg,43.4,,,,,
3101686,פרסיל קפסולות ג'ל לכביסה דיסקס אקספרט הסרת כתמים קשים 20 יחידות,כביסה,יחידה,פרסיל,images/מחירון/פרסיל קפסולות ג'ל לכביסה דיסקס אקספרט הסרת כתמים קשים 20 יחידות.jpg,28.7,,,,,
3101685,פרסיל קפסולות ג'ל לכביסה דיסקס לבנדר 20 יחידות,כביסה,יחידה,פרסיל,images/מחירון/פרסיל קפסולות ג'ל לכביסה דיסקס לבנדר 20 יחידות.jpg,28.7,,,,,
2600631,DOVE סבון מוצק גרגרי פילינג רביעיה 4*90 גר',כללי,יחידה,DOVE,images/מחירון/DOVE סבון מוצק גרגרי פילינג רביעיה 4*90 גר'.jpg,11.3,,,,,
2600800,"וזלין טהור 50 מ""ל",כללי,יחידה,וזלין,"images/מחירון/וזלין טהור 50 מ""ל.jpg",6.2,,,,,
4400827,"ניוואה קרם רב שימושי 150 מ""ל",כללי,יחידה,ניוואה,"images/מחירון/ניוואה קרם רב שימושי 150 מ""ל.jpg",13.4,,,,,
4400841,לבלו שפתון לחות אוריגינל 4.8 גרם,כללי,יחידה,לבלו,images/מחירון/לבלו שפתון לחות אוריגינל 4.8 גרם.jpg,10.4,,,,,
4400831,"ניוואה דאו רול קול קיק 50 מ""ל",גבר,יחידה,ניוואה,"images/מחירון/ניוואה דאו רול קול קיק 50 מ""ל.jpg",10.4,,,,,
2200250,"ג'ילט ג'ל גילוח סירייאס לעור רגיש 200 מ""ל",גבר,יחידה,ג'ילט,"images/מחירון/ג'ילט ג'ל גילוח סירייאס לעור רגיש 200 מ""ל.jpg",13.4,,,,,
2200342,"ג'ילט דאו ג'ל אולמפיק גולד 70 מ""ל",גבר,יחידה,ג'ילט,"images/מחירון/ג'ילט דאו ג'ל אולמפיק גולד 70 מ""ל.jpg",15.2,,,,,
2200338,ג'ילט טו סכיני גילוח חד פעמי חמישייה,גבר,יחידה,ג'ילט,images/מחירון/ג'ילט טו סכיני גילוח חד פעמי חמישייה.jpg,6.7,,,,,
1501041,ג'ילט סכיני גילוח פיוז'ן סטארט רביעייה,גבר,יחידה,ג'ילט,images/מחירון/ג'ילט סכיני גילוח פיוז'ן סטארט רביעייה .jpg,44.9,,,,,
2200374,"ג'ילט קצף גילוח לגבר סנסטיב 200 מ""ל",גבר,יחידה,ג'ילט,"images/מחירון/ג'ילט קצף גילוח לגבר סנסטיב 200 מ""ל.jpg",12.5,,,,,
1020007,"LA BEAUTE מבשם שיער אינטנסיב קרטין טהור וארגן מתאים לכל סוגי השיער 50 מ""ל",שיער,יחידה,LA BEAUTE,"images/מחירון/LA BEAUTE מבשם שיער אינטנסיב קרטין טהור וארגן מתאים לכל סוגי השיער 50 מ""ל.png",58.4,,,,,
1020016,"LA BEAUTE מבשם שיער הוט קוטור מתאים לכל סוגי השיער 50 מ""ל",שיער,יחידה,LA BEAUTE,"images/מחירון/LA BEAUTE מבשם שיער הוט קוטור מתאים לכל סוגי השיער 50 מ""ל.png",58.4,,,,,
1020080,"LA BEAUTE מסכה אינטנסיב קרטין טהור וארגן לשיער עבה, יבש, צבוע ולאחר החלקה 500 מ""ל",שיער,יחידה,LA BEAUTE,"images/מחירון/LA BEAUTE מסכה אינטנסיב קרטין טהור וארגן לשיער עבה, יבש, צבוע ולאחר החלקה 500 מ""ל (12 יחידות).png",59.4,,,,,
1020072,"LA BEAUTE מסכה אליקסיר קרטין טהור ושמן ארגן לשיער דק וקרקפת שומנית 500 מ""ל",שיער,יחידה,LA BEAUTE,"images/מחירון/LA BEAUTE מסכה אליקסיר קרטין טהור ושמן ארגן לשיער דק וקרקפת שומנית 500 מ""ל (12 יחידות).png",59.4,,,,,
1020015,"LA BEAUTE מסכה הוט קוטור לשיער רגיל עד יבש מאוד 500 מ""ל",שיער,יחידה,LA BEAUTE,"images/מחירון/LA BEAUTE מסכה הוט קוטור לשיער רגיל עד יבש מאוד 500 מ""ל.png",59.4,,,,,
1020030,"LA BEAUTE מסכה רד פייבר לשיער יבש, צבוע ופגום 500 מ""ל",שיער,יחידה,LA BEAUTE,"images/מחירון/LA BEAUTE מסכה רד פייבר לשיער יבש, צבוע ופגום 500 מ""ל.png",59.4,,,,,
1020073,"LA BEAUTE קרם לחות אינטנסיב לכל סוגי השיער בייחוד לשיער מתולתל 750 מ""ל",שיער,יחידה,LA BEAUTE,"images/מחירון/LA BEAUTE קרם לחות אינטנסיב לכל סוגי השיער בייחוד לשיער מתולתל 750 מ""ל.png",59.4,,,,,
1020002,"LA BEAUTE שמפו אינטנסיב קרטין טהור ושמן ארגן לשיער עבה, יבש, צבוע ולאחר החלקה 750 מ""ל",שיער,יחידה,LA BEAUTE,"images/מחירון/LA BEAUTE שמפו אינטנסיב קרטין טהור ושמן ארגן לשיער עבה, יבש, צבוע ולאחר החלקה 750 מ""ל.png",51.5,,,,,
1020019,"LA BEAUTE שמפו אליקסיר ויטמין פרוטאין לשיער דק וקרקפת שומנית 750 מ""ל",שיער,יחידה,LA BEAUTE,"images/מחירון/LA BEAUTE שמפו אליקסיר ויטמין פרוטאין לשיער דק וקרקפת שומנית 750 מ""ל.png",51.5,,,,,
1020011,"LA BEAUTE שמפו הוט קוטור חומצה היאלרונית לשיער רגיל עד יבש מאוד 750 מ""ל",שיער,יחידה,LA BEAUTE,"images/מחירון/LA BEAUTE שמפו הוט קוטור חומצה היאלרונית לשיער רגיל עד יבש מאוד 750 מ""ל.png",51.5,,,,,
1020026,"LA BEAUTE שמפו רד פייבר לשיער יבש, צבוע ופגום 750 מ""ל",שיער,יחידה,LA BEAUTE,"images/מחירון/LA BEAUTE שמפו רד פייבר לשיער יבש, צבוע ופגום 750 מ""ל.png",51.5,,,,,
מוצ007,נייר טואלט 48,טואלטיקה,יחידה,,images/מוצרי נייר/נייר טואלט 48.webp,37,,,,,"נייר טואלט במארז 48 גלילים — פורמט מוסדי לשירותים בעסק. כמות שנועדה להחזיק מלאי לאורך זמן במשרדים, במפעלים ובמוסדות, במחיר סיטונאי לגליל."
מוצ013,נייר ניגוב תאית 6 יחידות,טואלטיקה,יחידה,,images/מוצרי נייר/נייר ניגוב תאית 6 יחידות.webp,55,,,,,"נייר ניגוב תאית במארז 6 יחידות. נייר תאית לבן ונקי יותר מנייר ממוחזר, ומתאים לניגוב ידיים ומשטחים באזורי מזון ובמקומות עם דרישות היגיינה גבוהות."
מוצ006,ממחטות אף טישו חמישייה,טואלטיקה,יחידה,,images/מוצרי נייר/ממחטות אף טישו.webp,10,,,,,"ממחטות אף טישו לשימוש במשרדים, בחדרי המתנה ובעמדות קבלת קהל. פריט קטן שנגמר מהר במקומות עם תנועת אנשים, ולכן משתלם להזמין בסיטונאות."
טיפ009,מגבונים לחים,טואלטיקה,יחידה,,images/טיפוח והיגיינה/מגבונים לחים.webp,2.5,,,,,"מגבונים לחים לניקוי ידיים ופנים. מוצר נוח לשימוש מחוץ לבית, ופריט מדף מבוקש בחנויות נוחות, במעונות ובמרפאות."
שקי004,שקיות אשפה 75-90,טואלטיקה,יחידה,,images/שקיות/שקיות אשפה 75-90.webp,8,,,,,"שקיות אשפה במידה 75-90 לפחים גדולים ולנפחי פסולת גבוהים. מתאימות למטבחים מסחריים, למפעלים ולשטחי מסחר עם פינוי יומיומי."
שקי006,שקיות מזון 300 יח׳,טואלטיקה,יחידה,,images/שקיות/שקיות מזון.webp,3,,,,,"שקיות מזון במארז 300 יחידות לאריזה ולשמירת מוצרי מזון. מתאימות למטבחים מסחריים, לחנויות מזון ולאריזת מנות ומרכיבים."
