id,name,category,subcategory,unit,image,price,brand,carton_qty,packaging,description
אבי001,גליל מטליות רב שימושית צהוב,אביזרי ניקיון,,יחידה,images/אביזרי ניקיון/גליל מטליות רב שימושית.webp,15,,,,"גליל מטליות רב-שימושיות בצבע צהוב לניקיון שוטף של משטחים, מטבח וחדרי שירותים. המטליות סופגות ומתאימות לשימוש חוזר, ומגיעות בגליל שנוח לתלוש ממנו לפי הצורך. בחירה שגרתית של חברות ניקיון, מסעדות ומטבחונים משרדיים."
אבי002,דלי צבעוני 12 ליטר,אביזרי ניקיון,,יחידה,images/אביזרי ניקיון/דלי צבעוני 12 ליטר.webp,10,,,,"דלי צבעוני בנפח 12 ליטר לשטיפת רצפות ולעבודות ניקיון כלליות. הצבעים השונים מאפשרים להפריד בין אזורי ניקיון — מטבח, שירותים ומשרד — שיטה מקובלת במסעדות ובמוסדות שמקפידים על הפרדת ציוד."
אבי003,יעה + מוט,אביזרי ניקיון,,יחידה,images/אביזרי ניקיון/יעה + מוט.webp,0,,,,"יעה עם מוט ארוך לאיסוף לכלוך בלי להתכופף. מתאים לניקיון יומיומי במשרדים, בחנויות ובמסעדות, ומשלים מטאטא בעמדת ניקיון קבועה."
אבי004,כפפות ניטריל ללא אבקה,אביזרי ניקיון,,יחידה,images/אביזרי ניקיון/כפפות ניטריל ללא אבקה.webp,12,,,,"כפפות ניטריל ללא אבקה להגנה על הידיים בעבודה עם חומרי ניקוי ובטיפול במזון. הניטריל עמיד יותר מלטקס ומתאים גם למי שרגיש ללטקס. פריט שוטף במטבחים מסחריים, במרפאות ובחברות ניקיון."
אבי005,כרית יפנית 6 יח׳,אביזרי ניקיון,,יחידה,images/אביזרי ניקיון/כרית יפנית 6 יח_.webp,6,,,,"כרית יפנית לשפשוף במארז שישייה — לניקוי כלים, סירים ומשטחים עם לכלוך דבוק. השפשוף אגרסיבי מספיק להסרת שאריות שרופות ועדיין נוח לאחיזה. מתכלה מהיר במטבחים מסחריים, ולכן משתלם בקנייה סיטונאית."
אבי006,מברשת אסלה,אביזרי ניקיון,,יחידה,/images/1787078361135_____________.png,0,,,,"מברשת אסלה לניקוי יומיומי של חדרי שירותים. פריט בסיסי בכל עמדת ניקיון במשרד, בבית ספר או בבית עסק, ומוחלף בתדירות גבוהה במקומות עם שירותים ציבוריים."
אבי007,מברשת כלים,אביזרי ניקיון,,יחידה,images/אביזרי ניקיון/מברשת כלים.webp,0,,,,"מברשת כלים לשטיפה ידנית של כלים, סירים ומשטחי מטבח. אחיזה נוחה שמאפשרת עבודה ממושכת בעמדת שטיפה, ומתאימה למטבחונים משרדיים ולמטבחים מסחריים."
אבי008,מגב מתכת 40 סמ,אביזרי ניקיון,,יחידה,images/אביזרי ניקיון/מגב מתכת 40 סמ.webp,0,,,,"מגב מתכת ברוחב 40 ס״מ לשטיפת רצפות בשטחים בינוניים. מוט המתכת עמיד יותר משימוש בפלסטיק ומיועד לעבודה יומיומית אינטנסיבית במסעדות, במפעלים ובמוסדות."
אבי010,מגב פלסטיק 40 סמ,אביזרי ניקיון,,יחידה,images/אביזרי ניקיון/מגב פלסטיק 40 סמ.webp,0,,,,"מגב פלסטיק ברוחב 40 ס״מ לשטיפת רצפות במשרדים, בחנויות ובמטבחונים. רוחב נוח לשטחים קטנים ובינוניים ולפינות, וקל משמעותית ממגב מתכת."
אבי011,מגב פלסטיק 60 סמ,אביזרי ניקיון,,יחידה,images/אביזרי ניקיון/מגב פלסטיק 60 סמ.webp,0,,,,"מגב פלסטיק ברוחב 60 ס״מ לשטיפת שטחים גדולים. הרוחב מקצר את זמן העבודה במסדרונות, באולמות ובשטחי מסחר, ולכן מועדף בבתי ספר, במפעלים ובמרכזים מסחריים."
אבי012,מטאטא משרד,אביזרי ניקיון,,יחידה,images/אביזרי ניקיון/מטאטא משרד.webp,0,,,,"מטאטא משרד לטאטוא יומיומי של רצפות פנים. סיבים המתאימים לאבק ולפסולת יבשה במשרדים, בחנויות ובחדרי ישיבות, ומשלים יעה בעמדת ניקיון."
אבי013,מטליות אלכוהול 70%,אביזרי ניקיון,,יחידה,images/אביזרי ניקיון/מטליות אלכוהול 70%.webp,38,,,,"מטליות אלכוהול 70% לחיטוי משטחים ונקודות מגע. ריכוז 70% הוא הסטנדרט המקובל לחיטוי, והמטליות נוחות לשימוש מהיר בין לקוח ללקוח. נפוצות במרפאות, במשרדים, בחדרי כושר ובעסקי מזון."
אבי014,מטליות בד רב שימושיות 700 גרם,אביזרי ניקיון,,יחידה,images/אביזרי ניקיון/מטליות בד רב שימושיות 700 גרם.webp,15,,,,"מטליות בד רב-שימושיות במשקל 700 גרם לניקיון כללי. הבד עבה וסופג ומיועד לשימוש חוזר לאורך זמן, ולכן חסכוני יותר ממטליות חד-פעמיות בעסק שמנקה כל יום."
אבי015,מטליות לחות לניקוי כללי בדלי,אביזרי ניקיון,,יחידה,images/אביזרי ניקיון/מטליות לחות לניקוי כללי.webp,15,,,,"מטליות לחות לניקוי כללי באריזת דלי — שולפים מטלית, מנגבים וזורקים. הדלי נוח להצבה בעמדת ניקיון ושומר על הלחות של המטליות. פתרון מהיר לניגוב משטחים במשרדים, בחדרי כושר ובחנויות."
אבי016,מטלית מיקרופייבר -חמישייה,אביזרי ניקיון,,יחידה,images/אביזרי ניקיון/מטלית מיקרופייבר -חמישייה.webp,5,,,,"מטליות מיקרופייבר במארז חמישייה לניקוי משטחים, זכוכית ומסכים. המיקרופייבר אוסף אבק ולכלוך בלי להשאיר סיבים או סימני מריחה, וניתן לכבס ולהשתמש שוב. מתאים למשרדים, לרכבים ולניקיון עדין."
אבי017,מטלית רב שימושית 3 יח׳,אביזרי ניקיון,,יחידה,images/אביזרי ניקיון/מטליות לניקוי כללי - שלישייה .webp,1.5,,,,מטלית רב-שימושית במארז שלישייה לניקיון יומיומי של משטחים. גודל אריזה נוח למשרד או לעסק קטן שרוצה מלאי שוטף בלי לרכוש קרטון שלם.
אבי018,סחבה מיקרופייבר - שלישייה,אביזרי ניקיון,,יחידה,images/אביזרי ניקיון/סחבה מיקרופייבר - שלישייה.webp,12,,,,"סחבת מיקרופייבר במארז שלישייה לשטיפת רצפות. המיקרופייבר סופג יותר מסחבה רגילה ומייבש מהר יותר, מה שמקצר את זמן ההמתנה לרצפה יבשה בשטחי מסחר ובמשרדים."
אבי019,ספוג הפלא,אביזרי ניקיון,,יחידה,images/אביזרי ניקיון/ספוג הפלא.webp,4,,,,"ספוג הפלא (מלמין) להסרת סימנים וכתמים עיקשים מקירות, דלתות ומשטחים — בעיקר בלי חומר ניקוי, רק עם מים. מתאים לתחזוקת מראה של חללי קבלת קהל, מסדרונות ומטבחונים."
אבי020,מגבונים ארוכים בדלי,אביזרי ניקיון,,יחידה,images/אביזרי ניקיון/מגבונים ארוכים בדלי.webp,0,,,,"מגבונים ארוכים באריזת דלי לניגוב משטחים גדולים ולציוד. האורך מאפשר לכסות שטח גדול במגבון אחד, והדלי נשאר בעמדת הניקיון לשליפה מהירה. נפוץ בחדרי כושר, במרפאות ובאולמות."
אבי021,פח שובך 18 ליטר,אביזרי ניקיון,,יחידה,images/אביזרי ניקיון/פח שובך 18 ליטר.webp,0,,,,"פח שובך בנפח 18 ליטר לפינות עבודה, משרדים וחדרי שירותים. גודל מתאים לפסולת יומיומית בחדר בודד, ומשתלב עם שקיות אשפה במידה תואמת."
אבי022,פח שובך 25/50 ליטר,אביזרי ניקיון,,יחידה,/images/1787078342463__________25-50______.png,0,,,,"פח שובך בנפח 25 או 50 ליטר לאזורים עם נפח פסולת גבוה — מטבחונים, מסדרונות ושטחי קבלת קהל. שני הנפחים מאפשרים להתאים את הפח לתדירות הפינוי בפועל."
אבי023,מטליות לחות לריצפה,אביזרי ניקיון,,יחידה,images/אביזרי ניקיון/מטליות לחות לרצפה.webp,0,,,,"מטליות לחות ייעודיות לניקוי רצפה — מוצמדות למגב, מנגבות וזורקים. חוסכות את שלב הדלי והסחבה ומתאימות לניקיון מהיר בין משמרות במשרדים, בחנויות ובמרפאות."
חדפ001,300 יחידות קופסת אוכל מחולקת,חד פעמי ואריזות,containers,יחידה,images/חד פעמי ואריזות/קופסת אוכל מחולקת.webp,289,,,,"קופסת אוכל חד-פעמית מחולקת במארז 300 יחידות. החלוקה הפנימית מפרידה בין מנה עיקרית לתוספות ומונעת ערבוב בדרך — הפורמט המקובל למשלוחי מזון, לקייטרינג ולמנות עסקיות."
חדפ002,גביע 150/250 מל,חד פעמי ואריזות,cups,יחידה,images/חד פעמי ואריזות/גביע 150-250 מל.png,0,,,,"גביע חד-פעמי בנפח 150/250 מ״ל להגשת קינוחים, סלטים אישיים, רטבים ותוספות. שני הנפחים מאפשרים להתאים את הגודל למנה בלי לבזבז אריזה."
חדפ003,כוס בירה 330 40 יח׳,חד פעמי ואריזות,cups,יחידה,images/חד פעמי ואריזות/כוס בירה 330 40 יח׳.webp,200,,,,"כוס בירה חד-פעמית 330 מ״ל במארז 40 יחידות. נפח סטנדרטי להגשת בירה ומשקאות קרים באירועים, בברים ובפאבים — בלי סיכון של שברי זכוכית."
חדפ004,כוס פלסטיק 500 מל,חד פעמי ואריזות,cups,יחידה,images/חד פעמי ואריזות/כוס פלסטיק 500 מל.webp,0,,,,"כוס פלסטיק חד-פעמית בנפח 500 מ״ל למשקאות קרים, שייקים ומשקאות טייק-אווי. הנפח הגדול מתאים לבתי קפה, לדוכני משקאות ולעסקי משלוחים."
חדפ005,כוסות אספרסו 4oz 50 יח׳,חד פעמי ואריזות,cups,יחידה,images/חד פעמי ואריזות/כוסות אספרסו 4oz 50 יח׳.webp,58,,1000,,"כוסות אספרסו חד-פעמיות 4oz במארז 50 יחידות. הנפח הקטן מיועד לקפה קצר, ומשמש מטבחונים משרדיים, בתי קפה ופינות קפה בעסקים."
חדפ006,כוסות נייר 8B 50 יח׳,חד פעמי ואריזות,cups,יחידה,images/חד פעמי ואריזות/כוסות נייר 8B 50 יח׳.webp,70,,1000,,כוסות נייר 8B במארז 50 יחידות לשתייה חמה. כוס נייר מבודדת טוב יותר מפלסטיק ומתאימה לקפה ותה בפינת קפה משרדית או בעסק שמגיש ללקוחות.
חדפ007,כוסות נייר 8oz,חד פעמי ואריזות,cups,יחידה,images/חד פעמי ואריזות/כוסות נייר 8oz.webp,0,,,,כוסות נייר 8oz לשתייה חמה — הנפח הנפוץ ביותר לקפה במשרדים ובבתי קפה. הכוס מיועדת לשימוש חד-פעמי ומתאימה גם למכסים תואמים.
חדפ008,כוסות פלסטיק לשתיה קרה 180 מ״ל,חד פעמי ואריזות,cups,יחידה,images/חד פעמי ואריזות/כוסות פלסטיק לשתיה קרה 180 מ״ל.webp,75,,,,"כוסות פלסטיק לשתייה קרה בנפח 180 מ״ל. הנפח הקומפקטי מתאים למים ולמשקאות קרים ליד מתקן שתייה, בחדרי ישיבות ובאירועים."
חדפ009,כף חד פעמי 100 יחידות,חד פעמי ואריזות,tableware,יחידה,images/חד פעמי ואריזות/כף חד פעמי 100 יחידות.webp,4,,,,"כף חד-פעמית במארז 100 יחידות. פורמט בסיסי למטבחונים משרדיים, לקייטרינג ולמשלוחי מזון, וכמות שנוחה למלאי שוטף."
חדפ010,כף קשיח - 50 יח׳,חד פעמי ואריזות,tableware,יחידה,images/חד פעמי ואריזות/כף קשיח - 50 יח׳.png,4.5,,,,כף קשיחה במארז 50 יחידות — סכו״ם חד-פעמי בגימור יציב שלא מתעקם במנה חמה או סמיכה. מתאים למסעדות ולקייטרינג שרוצים מראה מכובד יותר מסכו״ם רגיל.
חדפ011,כפית חד פעמי 100 יחידות,חד פעמי ואריזות,tableware,יחידה,images/חד פעמי ואריזות/כפית חד פעמי 100 יחידות.webp,3,,,,"כפית חד-פעמית במארז 100 יחידות לקפה, לקינוחים ולמנות קטנות. פריט שנגמר מהר בפינות קפה משרדיות ובעסקי מזון."
חדפ012,כפית קשיח - 50 יח׳,חד פעמי ואריזות,tableware,יחידה,images/חד פעמי ואריזות/כפית קשיח - 50 יח׳.png,3.5,,,,"כפית קשיחה במארז 50 יחידות. גימור יציב ואיכותי יותר מכפית רגילה, לשימוש בקינוחים ובמנות מוגשות במסעדות ובאירועים."
חדפ013,מזלג חד פעמי 100 יחידות,חד פעמי ואריזות,tableware,יחידה,images/חד פעמי ואריזות/מזלג חד פעמי 100 יחידות.png,4,,,,"מזלג חד-פעמי במארז 100 יחידות. פריט יסוד במטבחונים משרדיים, בקייטרינג ובמשלוחי מזון, בכמות שמספיקה לשימוש שוטף."
חדפ014,מזלג קשיח - 50 יח׳,חד פעמי ואריזות,tableware,יחידה,images/חד פעמי ואריזות/מזלג קשיח - 50 יח׳.png,4.5,,,,מזלג קשיח במארז 50 יחידות — חזק יותר ולא נשבר במנות כבדות או בבשר. הבחירה המקובלת במסעדות ובאירועים שבהם מראה ההגשה חשוב.
חדפ015,סכין חד פעמי 100 יחידות,חד פעמי ואריזות,tableware,יחידה,images/חד פעמי ואריזות/סכין חד פעמי 100 יחידות.png,4,,,,סכין חד-פעמית במארז 100 יחידות למנות מוגשות ולמשלוחי מזון. משלימה ערכת סכו״ם חד-פעמי במטבחון או בעסק מזון.
חדפ016,סכין קשיח - 50 יח׳,חד פעמי ואריזות,tableware,יחידה,images/חד פעמי ואריזות/סכין קשיח - 50 יח׳.png,4.5,,,,"סכין קשיחה במארז 50 יחידות — חיתוך יעיל יותר ממקבילתה הרגילה, גם בבשר ובמנות מלאות. מתאימה למסעדות, לקייטרינג ולאירועים."
חדפ017,צלחות פלסטיק גדולות - 100 יח׳,חד פעמי ואריזות,tableware,יחידה,images/חד פעמי ואריזות/צלחות פלסטיק גדולות - 100 יח׳.png,0,,,,"צלחות פלסטיק גדולות באריזת 100 יחידות. הגודל מיועד למנה עיקרית מלאה, והאריזה הגדולה מתאימה לצריכה שוטפת במסעדות, בקייטרינג ובאירועים."
חדפ018,צלחת מתכלה בינוני,חד פעמי ואריזות,tableware,יחידה,images/חד פעמי ואריזות/צלחת מתכלה בינוני.png,0,,,,"צלחת מתכלה בגודל בינוני — ידידותית לסביבה ומתאימה למנות ביניים, סלטים ותוספות. עסקים רבים עוברים לחד-פעמי מתכלה מסיבות סביבתיות ותדמיתיות."
חדפ019,צלחת מתכלה גדול,חד פעמי ואריזות,tableware,יחידה,images/חד פעמי ואריזות/צלחת מתכלה גדול.png,0,,,,"צלחת מתכלה בגודל גדול למנה עיקרית. פתרון חד-פעמי ידידותי לסביבה למסעדות, לקייטרינג ולאירועים שרוצים להימנע מפלסטיק."
חדפ020,צלחת מתכלה ענק,חד פעמי ואריזות,tableware,יחידה,images/חד פעמי ואריזות/צלחת מתכלה ענק.png,0,,,,"צלחת מתכלה בגודל ענק למנות מלאות ולמנות עסקיות. הגודל המרבי בסדרה המתכלה, למסעדות ולקייטרינג עם מנות נדיבות."
חדפ021,קופסת סלט 250 מל,חד פעמי ואריזות,containers,יחידה,images/חד פעמי ואריזות/קופסת סלט 250 מל.webp,0,,,,"קופסת סלט חד-פעמית בנפח 250 מ״ל. גודל אישי לסלטים, לממרחים ולתוספות, ומתאים לעסקי משלוחים, לחנויות נוחות ולמנות עסקיות."
חדפ022,קופסת פלסטיק 1/1.5/2 ליטר,חד פעמי ואריזות,containers,יחידה,images/חד פעמי ואריזות/קופסת פלסטיק 1-1.5-2 ליטר.png,0,,,,"קופסת פלסטיק חד-פעמית בנפחים 1, 1.5 ו-2 ליטר. שלושת הנפחים מכסים אריזה של סלטים, מרקים ומנות משפחתיות — פתרון אריזה מרכזי לעסקי מזון וטייק-אווי."
חדפ023,קערת חומוס 750 מ״ל,חד פעמי ואריזות,containers,יחידה,images/חד פעמי ואריזות/קערת חומוס 750 מ״ל.webp,0,,,,"קערת חומוס חד-פעמית בנפח 750 מ״ל. הנפח מתאים למנה זוגית או משפחתית של חומוס, סלטים וממרחים, ומשמש חומוסיות ועסקי משלוחים."
חדפ024,קערת חומוס ליטר מ״ל,חד פעמי ואריזות,containers,יחידה,images/חד פעמי ואריזות/קערת חומוס ליטר מ״ל.webp,0,,,,"קערת חומוס חד-פעמית בנפח ליטר — הגודל המשפחתי בסדרה. מיועדת לממרחים, לסלטים ולמנות גדולות במשלוחים ובקייטרינג."
טיפ001,DOVE סבון מוצק קלאסי רביעיה 4*90 גר'נה,טיפוח והיגיינה,,יחידה,images/טיפוח והיגיינה/תמוDOVE סבון מוצק קלאסי רביעיה 4*90 גרנה1.webp,12,,,,"סבון מוצק קלאסי של DOVE במארז רביעייה, 90 גרם ליחידה. מותג מוכר בעל מרכיב לחות, שמתאים לשירותים במקומות אירוח, במשרדים ובמוסדות."
טיפ002,אבקת כביסה 7 קג,טיפוח והיגיינה,,יחידה,images/טיפוח והיגיינה/אבקת כביסה 7 קג.webp,0,,,,"אבקת כביסה באריזת 7 ק״ג — פורמט מוסדי למכבסות, למוסדות ולעסקים שמכבסים מדים, מגבות ומצעים בכמות. עלות נמוכה לכביסה מול אריזות ביתיות."
טיפ003,ג ל כביסה 2.5 ליטר פרסיל,טיפוח והיגיינה,,יחידה,images/טיפוח והיגיינה/ג_ל כביסה 2.5 ליטר - פרסיל.webp,0,,,,"ג׳ל כביסה פרסיל באריזת 2.5 ליטר. הג׳ל נמס מיד גם בכביסה קרה ולא משאיר שאריות אבקה, ולכן מועדף למכונות תעשייתיות ולכביסה תכופה."
טיפ004,דאודורנט גברים axe,טיפוח והיגיינה,,יחידה,images/טיפוח והיגיינה/דאודורנט גברים axe.webp,11,,,,"דאודורנט לגברים של AXE — מותג מוביל בקטגוריה עם קהל מזוהה. מתאים לחנויות נוחות, לקיוסקים ולמכירה קמעונאית."
טיפ005,דאודורנט גברים nivea,טיפוח והיגיינה,,יחידה,images/טיפוח והיגיינה/דאודורנט גברים nivea.webp,9.9,,,,"דאודורנט לגברים של NIVEA. מותג ותיק ומוכר עם מיצוב טיפוחי, שמתאים למדף בחנויות נוחות, בפארם ובמינימרקטים."
טיפ006,דאודורנט נשים rexsona,טיפוח והיגיינה,,יחידה,images/טיפוח והיגיינה/דאודורנט נשים rexsona.webp,0,,,,"דאודורנט לנשים של Rexona — מותג מוכר בהגנה מפני הזעה. פריט מדף שוטף בחנויות נוחות, בפארם ובמינימרקטים."
טיפ007,טיטולים למבוגרים 14 יח׳,טיפוח והיגיינה,,יחידה,images/טיפוח והיגיינה/טיטולים למבוגרים 14 יח׳.webp,50,,,,"טיטולים למבוגרים במארז 14 יחידות. מוצר סיעודי בסיסי לבתי אבות, למוסדות סיעודיים ולטיפול ביתי, ומוזמן בדרך כלל באופן קבוע ומתמשך."
טיפ008,מברשות שיניים אורל בי שישייה,טיפוח והיגיינה,,יחידה,images/טיפוח והיגיינה/מברשות שיניים אורל בי שישייה.webp,12,,,,"מברשות שיניים אורל בי במארז שישייה. מותג מוביל בהיגיינת הפה, במארז שמתאים למכירה קמעונאית ולשימוש מוסדי."
טיפ009,מגבונים לחים,טיפוח והיגיינה,,יחידה,images/טיפוח והיגיינה/מגבונים לחים.webp,2,,,,"מגבונים לחים לניקוי ידיים ופנים. מוצר נוח לשימוש מחוץ לבית, ופריט מדף מבוקש בחנויות נוחות, במעונות ובמרפאות."
טיפ010,מגן תחתון אולוויז נורמל פרש 56 יח',טיפוח והיגיינה,,יחידה,images/טיפוח והיגיינה/מגן תחתון אולוויז נורמל פרש 56 יח.webp,22,,,,"מגן תחתון אולוויז נורמל פרש במארז 56 יחידות. מוצר היגיינה נשית לשימוש יומיומי, בכמות שמתאימה למכירה קמעונאית ולמלאי שוטף."
טיפ011,משחת שיניים קולגייט אדומה 100 מל,טיפוח והיגיינה,,יחידה,images/טיפוח והיגיינה/משחת שיניים קולגייט אדומה 100 מל.webp,10,,,,"משחת שיניים קולגייט אדומה 100 מ״ל — המשחה הקלאסית והמוכרת של המותג. פריט מדף בסיסי בחנויות נוחות, בפארם ובמינימרקטים."
טיפ012,משחת שיניים קולגייט מקס פרש עם פחם במבוק 100 מל,טיפוח והיגיינה,,יחידה,images/טיפוח והיגיינה/משחת שיניים קולגייט מקס פרש עם פחם במבוק 100 מל.webp,10,,,,"משחת שיניים קולגייט מקס פרש עם פחם במבוק, 100 מ״ל. גרסה עם פחם במבוק להלבנה ולתחושת רעננות, בקו מוצרים שמושך קהל שמחפש טיפוח מתקדם."
טיפ013,שמפו הד אנד שולדרס ניחוח קלאסי 400 מל,טיפוח והיגיינה,,יחידה,images/טיפוח והיגיינה/שמפו הד אנד שולדרס ניחוח קלאסי 400 מל.webp,18,,,,"שמפו הד אנד שולדרס בניחוח קלאסי, 400 מ״ל. שמפו נגד קשקשים מהמובילים בקטגוריה, בנפח שמתאים למכירה קמעונאית."
טיפ014,תחליב רחצה פלמוליב,טיפוח והיגיינה,,יחידה,images/טיפוח והיגיינה/תחליב רחצה פלמוליב.webp,20,,,,"תחליב רחצה פלמוליב לשימוש יומיומי. מותג ותיק ומוכר במחיר נגיש, שמתאים לחנויות נוחות, למינימרקטים ולשימוש מוסדי."
מבש001,מבשם אויר בלו דרים,מבשמים,,יחידה,images/מבשמים/מבשם אויר - בלו דרים.webp,27.5,,,,"מבשם אוויר בניחוח בלו דרים לחללי עבודה, שירותים וחדרי קבלת קהל. ריח נעים בחלל הוא חלק מהרושם שהעסק משאיר על לקוחות ועובדים."
מבש002,מבשם בוטיק Water,מבשמים,,יחידה,images/מבשמים/מבשם בוטיק -Water.webp,15,,,,"מבשם בוטיק בניחוח Water — ניחוח נקי ורענן בסגנון בתי מלון ומרחבי בוטיק. מתאים ללובי, לחדרי המתנה ולחללי אירוח."
מבש003,מבשם למתקן אוטומטי,מבשמים,,יחידה,images/מבשמים/מבשם למתקן אוטומטי.webp,0,,,,מבשם ייעודי למתקן אוטומטי — מתיז במרווחי זמן קבועים ושומר על ריח אחיד לאורך היום בלי התערבות. הפתרון המקובל לשירותים ציבוריים ולמסדרונות במוסדות ובבנייני משרדים.
מבש004,מבשם נטול גז,מבשמים,,יחידה,images/מבשמים/מבשם נטול גז.webp,0,,,,"מבשם נטול גז — מתיז בלי דוחפים, ולכן מתאים לחללים סגורים ולמקומות עם רגישות לתרסיסים. חלופה ידידותית יותר למבשמי אירוסול."
מוצ001,גליל נייר תעשייתי 5004,מוצרי נייר,hand-towels,יחידה,images/מוצרי נייר/גליל נייר תעשייתי 5004.webp,60,,,,"גליל נייר תעשייתי דגם 5004 לניגוב ידיים, משטחים וציוד. גליל תעשייתי הוא הפורמט המקובל במפעלים, במוסכים ובמטבחים מסחריים בזכות כמות הנייר הגדולה בגליל אחד והחלפות נדירות יותר."
מוצ002,גליל נייר תעשייתי גולד,מוצרי נייר,hand-towels,יחידה,images/מוצרי נייר/גליל נייר תעשייתי גולד.webp,48,,,,"גליל נייר תעשייתי גולד לניגוב ידיים וציוד בעסק. איכות נייר גבוהה יותר מהגליל התעשייתי הבסיסי, למקומות שבהם גם ספיגות וגם מראה חשובים — כמו מטבחי מסעדות ואזורי קבלת קהל."
מוצ003,גליל תעשייתי ורד צר,מוצרי נייר,hand-towels,יחידה,images/מוצרי נייר/גליל תעשייתי ורד צר.webp,48,,,,גליל תעשייתי ורד בגרסה צרה — רוחב מצומצם שמתאים לעמדות עבודה שבהן אין מקום לגליל מלא. פתרון נפוץ בעמדות ניגוב נקודתיות במטבח ובמעבדה.
מוצ004,גליל תעשייתי פרח 1200,מוצרי נייר,hand-towels,יחידה,images/מוצרי נייר/גליל תעשייתי פרח 1200.webp,55,,,,"גליל תעשייתי פרח 1200 לניגוב ידיים ומשטחים. כמות הנייר בגליל מיועדת לצריכה מוסדית שוטפת, ומפחיתה את תדירות ההחלפה בעמדות עמוסות."
מוצ005,מגבת ידיים שישייה קימברלי,מוצרי נייר,hand-towels,יחידה,images/מוצרי נייר/מגבת ידיים שישייה קימברלי.webp,105,,,,"מגבת ידיים במארז שישייה של קימברלי קלארק — נייר מגבת לניגוב ידיים. קימברלי קלארק היא מהמותגים המובילים בנייר מוסדי, והמארז מתאים לשירותים במשרדים, בבתי ספר ובמרפאות."
מוצ006,ממחטות אף טישו,מוצרי נייר,,יחידה,images/מוצרי נייר/ממחטות אף טישו.webp,2,,,,"ממחטות אף טישו לשימוש במשרדים, בחדרי המתנה ובעמדות קבלת קהל. פריט קטן שנגמר מהר במקומות עם תנועת אנשים, ולכן משתלם להזמין בסיטונאות."
מוצ007,נייר טואלט 48,מוצרי נייר,toilet-paper,יחידה,images/מוצרי נייר/נייר טואלט 48.webp,35,,,,"נייר טואלט במארז 48 גלילים — פורמט מוסדי לשירותים בעסק. כמות שנועדה להחזיק מלאי לאורך זמן במשרדים, במפעלים ובמוסדות, במחיר סיטונאי לגליל."
מוצ008,נייר טואלט ג׳מבו טישו 1/12,מוצרי נייר,toilet-paper,יחידה,images/מוצרי נייר/נייר טואלט ג׳מבו טישו 1_12.webp,39,,,,"נייר טואלט ג׳מבו טישו 1/12 לשימוש מוסדי. גליל הג׳מבו מחזיק הרבה יותר מגליל רגיל ולכן מצמצם החלפות ומונע מחסור בשירותים ציבוריים — פתרון מקובל בבתי ספר, בקניונים ובבנייני משרדים."
מוצ009,נייר טואלט קומפקט 80 - 36 יח׳,מוצרי נייר,toilet-paper,יחידה,images/מוצרי נייר/נייר טואלט קומפקט 80 - 36 יח_.webp,97,,,,נייר טואלט קומפקט 80 במארז 36 יחידות. פורמט קומפקטי שחוסך מקום באחסון ומתאים לשירותים במשרדים ובמוסדות עם שימוש שוטף.
מוצ010,נייר ניגוב ידיים טבורי 3232S,מוצרי נייר,hand-towels,יחידה,images/מוצרי נייר/נייר ניגוב ידיים טבורי 3232S.webp,90,,,,"נייר ניגוב ידיים טבורי דגם 3232S. נייר ניגוב ידיים הוא הסטנדרט ההיגייני בשירותים של עסקים ומוסדות — יבש מהר, לשימוש חד-פעמי ובלי מגע בין משתמשים."
מוצ011,נייר ניגוב ידיים נטורה 1/6,מוצרי נייר,hand-towels,יחידה,images/מוצרי נייר/נייר ניגוב ידיים נטורה 1-6.jpeg,26,,,,"נייר ניגוב ידיים נטורה בקיפול 1/6. הקיפול מאפשר שליפה של יחידה אחת בכל פעם, מה שמפחית בזבוז נייר בשירותים ציבוריים עמוסים."
מוצ012,נייר ניגוב ידיים סלים רול,מוצרי נייר,hand-towels,יחידה,images/מוצרי נייר/נייר ניגוב ידיים סלים רול.webp,75,,,,נייר ניגוב ידיים סלים רול. הגליל הדק חוסך מקום בעמדה ומיועד לשירותים במשרדים ובחללי מסחר עם מקום מצומצם.
מוצ013,נייר ניגוב תאית 6 יחידות,מוצרי נייר,hand-towels,יחידה,images/מוצרי נייר/נייר ניגוב תאית 6 יחידות.webp,48,,,,"נייר ניגוב תאית במארז 6 יחידות. נייר תאית לבן ונקי יותר מנייר ממוחזר, ומתאים לניגוב ידיים ומשטחים באזורי מזון ובמקומות עם דרישות היגיינה גבוהות."
מוצ014,צץ רץ 4000,מוצרי נייר,hand-towels,יחידה,images/מוצרי נייר/צץ רץ 4000.webp,48,,,,"צץ רץ 4000 — נייר ניגוב ידיים בשליפה יחידנית. שיטת ה״צץ רץ״ מונעת מגע בשאר הניירות ולכן היא סטנדרט היגייני בשירותים ציבוריים, במטבחים ובמרפאות."
מוצ015,צץ רץ דו שכבתי 2500 יחידות,מוצרי נייר,hand-towels,יחידה,images/מוצרי נייר/צץ רץ דו שכבתי 2500 יחידות.webp,72,,,,"צץ רץ דו-שכבתי 2500 יחידות. שתי השכבות סופגות יותר מנייר חד-שכבתי, כך שדרושות פחות יחידות לכל ניגוב — יתרון בשירותים עם תנועה גבוהה."
מוצ016,צץ רץ תאית דו שכבתי 2500,מוצרי נייר,hand-towels,יחידה,images/מוצרי נייר/צץ רץ תאית דו שכבתי 2500.webp,68,,,,"צץ רץ תאית דו-שכבתי 2500 יחידות. שילוב של נייר תאית לבן עם ספיגות דו-שכבתית, לשירותים במשרדים ובמוסדות שמקפידים על רמת נייר גבוהה."
מוצ017,גליל תעשייתי תאית דו שכבתי,מוצרי נייר,hand-towels,יחידה,images/מוצרי נייר/גליל תעשייתי דו שכבתי תאית.webp,0,,,,"גליל תעשייתי תאית דו-שכבתי לניגוב ידיים, משטחים וציוד. התאית לבנה ונקייה יותר מנייר ממוחזר, והשכבה הכפולה מגדילה את הספיגות — מתאים למטבחים מסחריים ולאזורי טיפול במזון."
מוצ018,סדין החתלה,מוצרי נייר,,יחידה,images/מוצרי נייר/סדין החתלה שלישייה.webp,0,,,,"סדין החתלה לשימוש חד-פעמי על משטחי החתלה ומיטות טיפול. מחליפים בין משתמש למשתמש ושומרים על היגיינה — פריט שוטף במעונות, בגני ילדים, במרפאות ובקליניקות טיפוח."
מוצ019,צץ רץ שבת דו שכבתי 9000,מוצרי נייר,toilet-paper,יחידה,,0,,,,"צץ רץ שבת דו-שכבתי 9000 יחידות — נייר חתוך מראש לשימוש בשבת. כמות מוסדית גדולה, המיועדת למוסדות, לבתי כנסת, לבתי מלון ולעסקים שומרי שבת."
ניק001,אקונומיקה 4 ליטר,ניקיון,,יחידה,images/ניקיון/אקונומיקה 4 ליטר.webp,5,,,,"אקונומיקה באריזת 4 ליטר לחיטוי, הלבנה וניקוי רצפות ומשטחים. אריזת הליטרז' הגדול היא הפורמט המשתלם לעסקים שמנקים מדי יום, וחוסכת החלפות אריזה תכופות. מוצר יסוד במסעדות, במפעלים, בבתי ספר ובחברות ניקיון."
ניק002,אקונומיקה ריחנות 4 ליטר,ניקיון,,יחידה,images/ניקיון/אקונומיקה ריחנות 4 ליטר.webp,6.5,,,,"אקונומיקה ריחנית באריזת 4 ליטר — כוח החיטוי של אקונומיקה בתוספת ניחוח שנשאר אחרי הניקיון. מתאימה במיוחד לשטחי קבלת קהל, שירותים ציבוריים ומסדרונות שבהם חשוב שהריח יהיה נעים ולא כימי."
ניק003,ג׳ל אורנים - סנו,ניקיון,,יחידה,images/ניקיון/ג_ל אורנים - סנו.webp,18,,,,"ג׳ל אורנים של סנו לניקוי רצפות ומשטחים בניחוח אורנים קלאסי. מרוכז, ולכן כמות קטנה מספיקה לדלי מים — יתרון תפעולי לעסקים עם שטחי ריצפה גדולים."
ניק004,ג׳ל אסלה - סנו,ניקיון,,יחידה,images/ניקיון/ג_ל אסלה - סנו.webp,8,,,,"ג׳ל אסלה של סנו לניקוי וחיטוי אסלות. המרקם הסמיך נצמד לדפנות ופועל לאורך זמן במקום לזלוג מיד. פריט קבוע בתחזוקת שירותים במשרדים, במסעדות ובמוסדות."
ניק005,טבליות מדיח פיירי,ניקיון,,יחידה,images/ניקיון/טבליות מדיח פיירי.webp,55,,,,"טבליות מדיח של פיירי לשטיפת כלים במדיח מקצועי או ביתי. הטבליה משלבת ניקוי, הברקה והגנה מפני אבנית במינון מדוד — בלי שקילה ובלי בזבוז. נוחה למטבחונים משרדיים ולמסעדות קטנות."
ניק006,כלורקס,ניקיון,,יחידה,images/ניקיון/כלורקס.webp,18,,,,"כלורקס לחיטוי, הלבנה וניקוי משטחים וכלים. שם מוכר שלקוחות מבקשים בשמו, ומשמש לחיטוי יסודי במטבחים, בשירותים ובאזורי טיפול במזון."
ניק007,מבריק למדיח - פיניש,ניקיון,,יחידה,images/ניקיון/מבריק למדיח - פיניש.webp,18,,,,מבריק למדיח של פיניש — מונע כתמי מים וסימני טפטוף על כלים וכוסות זכוכית ביציאה מהמדיח. חשוב במיוחד במסעדות ובבתי קפה שבהם מראה הכוסות הוא חלק מהשירות.
ניק008,מבשם רצפות בניחוח מאסק ליטר - סנו,ניקיון,,יחידה,images/ניקיון/מבשם רצפות בניחוח מאסק ליטר - סנו.webp,14,,,,"מבשם רצפות בניחוח מאסק של סנו באריזת ליטר. מרוכז ומיועד להוספה למי השטיפה כדי להשאיר ניחוח מתמשך אחרי הניקיון. פופולרי בלובי, במסדרונות ובחללי קבלת קהל."
ניק009,מבשם רצפות ליטר אוקינוס סנו,ניקיון,,יחידה,images/ניקיון/מבשם רצפות ליטר אוקינוס - סנו.webp,13,,,,"מבשם רצפות בניחוח אוקינוס של סנו באריזת ליטר. ניחוח רענן ונקי שמתאים למשרדים, לחדרי המתנה ולשטחי מסחר, ומוסיף למי השטיפה בכמות קטנה."
ניק010,מנקה אסלה ליטר - סנו,ניקיון,,יחידה,images/ניקיון/מנקה אסלה ליטר - סנו.webp,8,,,,מנקה אסלה של סנו באריזת ליטר לניקוי יומיומי של אסלות וכלים סניטריים. מסיר לכלוך ואבנית קלה ומשאיר ריח נקי — פריט שוטף בתחזוקת שירותים בעסק.
ניק011,מנקה רב תכליתי - Desytol,ניקיון,,יחידה,images/ניקיון/מנקה רב תכליתי - Desytol.webp,13,,,,"מנקה רב-תכליתי של Dettol לניקוי וחיטוי משטחים בבית ובעסק. מוצר אחד לכמה סוגי משטחים, מה שמפשט את מלאי חומרי הניקוי ומתאים למשרדים ולעסקים קטנים."
ניק012,מסיר אבנית - קלין,ניקיון,,יחידה,images/ניקיון/מסיר אבנית - קלין.webp,12,,,,"מסיר אבנית של קלין להסרת שכבות אבנית מברזים, כיורים, אסלות ומשטחים סניטריים. חיוני באזורים עם מים קשים, ומונע הצטברות שפוגעת במראה ובתפקוד הכלים."
ניק013,מסיר כתמים -KH7,ניקיון,,יחידה,images/ניקיון/מסיר כתמים -KH7.webp,18,,,,"מסיר כתמים KH7 — תרסיס רב-עוצמה להסרת שומן וכתמים עיקשים ממשטחי מטבח, תנורים וציוד. פועל מהר גם על לכלוך ישן, ולכן מבוקש במטבחים מסחריים ובמסעדות."
ניק014,מסיר שומנים סנו פורטה,ניקיון,,יחידה,images/ניקיון/מסיר שומנים - סנו פורטה.webp,14,,,,"מסיר שומנים סנו פורטה להסרת שומן דבוק ממשטחי מטבח, כיריים, קולטים וציוד. פורמולה חזקה שנועדה לעומסי שומן של מטבח מקצועי ולא רק לניקיון ביתי."
ניק015,מסיר שומנים סנט מוריץ,ניקיון,,יחידה,images/ניקיון/מסיר שומנים - סנט מוריץ.webp,14,,,,"מסיר שומנים סנט מוריץ לניקוי משטחי מטבח וציוד מזון. מפרק שכבות שומן טריות ומיושנות, ומשמש בתחזוקה שוטפת של מסעדות, קייטרינג ומטבחונים."
ניק016,מסיר שומנים - זוהר דליה,ניקיון,,יחידה,images/ניקיון/מסיר שומנים - זוהר דליה.webp,14,,,,"מסיר שומנים של זוהר דליה לניקוי מטבחים, כיריים ומשטחי עבודה. מותג ותיק בשוק המוסדי, ומשמש עסקים שמחפשים ניקוי שומן יעיל במחיר סיטונאי."
ניק017,מסיר שומנים - יעקובי,ניקיון,,יחידה,images/ניקיון/מסיר שומנים - יעקובי.webp,18,,,,"מסיר שומנים של יעקובי להסרת שומן ממשטחי מטבח, תנורים וציוד מסחרי. יעקובי הוא ספק מוכר בשוק המוסדי, והמוצר מיועד לעומסי עבודה של מטבח פעיל."
ניק018,מסיר שומנים 4 ליטר,ניקיון,,יחידה,images/ניקיון/מסיר שומנים 4 ליטר.webp,20,,,,מסיר שומנים באריזת 4 ליטר — פורמט חסכוני למטבחים מסחריים שצורכים כמויות גדולות. אריזת הליטרז' הגדול מפחיתה את עלות הליטר ואת תדירות ההזמנה.
ניק019,מרכך כביסה יעקובי,ניקיון,,יחידה,images/ניקיון/מרכך כביסה יעקובי.webp,0,,,,"מרכך כביסה של יעקובי לריכוך ובישום כביסה. מתאים למכבסות, למוסדות ולעסקים שמכבסים מדים, מגבות ומצעים בכמות."
ניק020,משחת כלים 3.5 ק״ג,ניקיון,,יחידה,images/ניקיון/משחת כלים 3.5 ק״ג.webp,15,,,,"משחת כלים באריזת 3.5 ק״ג לשטיפת כלים וסירים. המרקם הסמיך יעיל במיוחד על שאריות שרופות ודבוקות, והאריזה הגדולה מיועדת למטבחים עם נפח שטיפה יומי גבוה."
ניק021,משמיד עובש - יעקבי,ניקיון,,יחידה,images/ניקיון/משמיד עובש - יעקבי.webp,28,,,,"משמיד עובש של יעקובי להסרת עובש מקירות, פוגות ומשטחים לחים. חיוני בחדרי שירותים, במקלחות ובמטבחים שבהם מצטברת לחות, ומונע התפשטות של הכתמים."
ניק022,נוזל חלונות 4 ליטר,ניקיון,,יחידה,images/ניקיון/נוזל חלונות 4 ליטר.webp,10,,,,"נוזל לניקוי חלונות באריזת 4 ליטר — פורמט מוסדי לניקוי זכוכית, מראות וויטרינות בלי סימני מריחה. מתאים לחברות ניקיון, לחנויות ולבנייני משרדים עם שטחי זכוכית גדולים."
ניק023,נוזל חלונות ליטר,ניקיון,,יחידה,images/ניקיון/נוזל חלונות ליטר.webp,4.5,,,,"נוזל לניקוי חלונות באריזת ליטר לניקוי זכוכית, מראות ומשטחים מבריקים. גודל נוח לעמדת ניקיון במשרד או בעסק קטן, ומשאיר זכוכית נקייה בלי פסים."
ניק024,נוזל כלים 18% 1.5 ל׳ - קלין,ניקיון,,יחידה,images/ניקיון/נוזל כלים 1.5 ל_ - קלין.webp,12,,,,"נוזל כלים בריכוז 18% של קלין באריזת 1.5 ליטר. ריכוז 18% מתאים לשטיפה ידנית יומיומית, והאריזה נוחה למטבחונים משרדיים ולעסקים קטנים."
ניק025,נוזל כלים 18% ליטר - סנו,ניקיון,,יחידה,images/ניקיון/נוזל כלים 18_ ליטר - סנו.webp,9,,,,"נוזל כלים בריכוז 18% של סנו באריזת ליטר. מותג מוביל בשוק, בריכוז שמתאים לשטיפה ידנית שוטפת במטבחון או בעסק קטן."
ניק026,נוזל כלים 24% 4 ליטר- סנו DG731,ניקיון,,יחידה,images/ניקיון/נוזל כלים 24_ 4 ליטר- סנו DG731.webp,35,,,,נוזל כלים בריכוז 24% של סנו באריזת 4 ליטר (דגם DG731). הריכוז הגבוה והאריזה המוסדית נועדו למטבחים מסחריים — פחות חומר לכל שטיפה ועלות נמוכה יותר לליטר.
ניק027,נוזל כלים ליטר 36%,ניקיון,,יחידה,images/ניקיון/נוזל כלים ליטר 36_.webp,15,,,,"נוזל כלים בריכוז 36% באריזת ליטר — הריכוז הגבוה בסדרה. כמות קטנה מפרקת שומן כבד, ולכן הוא משתלם למטבחים עם עומס שטיפה גבוה ולכלים שמנוניים."
ניק028,נוזל לניקוי פרקט - יעקבי,ניקיון,,יחידה,images/ניקיון/נוזל לניקוי פרקט - יעקבי.webp,14,,,,"נוזל לניקוי פרקט של יעקובי — מנקה בלי לפגוע בציפוי העץ ובלי להשאיר מים עומדים. מתאים למשרדים, לאולמות ולחללי מסחר עם ריצוף פרקט או למינציה."
ניק029,סבון אסלה שלישייה,ניקיון,,יחידה,images/ניקיון/מתקן סבון אסלה שלישייה.webp,10,,,,"סבון אסלה במארז שלישייה — תלוי בקערת האסלה ומבשם עם כל הדחה. שומר על ריח נעים בשירותים בין ניקיון לניקיון, ולכן נפוץ במשרדים ובשירותים ציבוריים."
ניק030,סבון ידיים 4 ליטר,ניקיון,,יחידה,images/ניקיון/סבון ידיים 4 ליטר.webp,12,,,,"סבון ידיים באריזת 4 ליטר למילוי חוזר. הפורמט המוסדי חוסך משמעותית מול בקבוקים בודדים, ומתאים לבנייני משרדים, לבתי ספר ולמפעלים."
ניק031,סבון ידיים שלישייה,ניקיון,,יחידה,images/ניקיון/סבון ידיים שלישייה.webp,8,,,,סבון ידיים במארז שלישייה — פורמט נוח למשרד או לעסק קטן שרוצה מלאי מוכן בלי מיכל מילוי גדול.
ניק032,סנו ג׳ט רב תכליתי 4 ליטר,ניקיון,,יחידה,images/ניקיון/סנו ג_ט רב תכליתי 4 ליטר.webp,18.5,,,,"סנו ג׳ט רב-תכליתי באריזת 4 ליטר לניקוי משטחים, רצפות וציוד. מוצר אחד לכמה משימות ניקיון, מה שמצמצם את מגוון החומרים שצריך להחזיק במלאי."
ניק033,פיניש נוזל לניקוי והברקת מדיח כלים ניחוח לימון 250 מל,ניקיון,,יחידה,images/ניקיון/תמפיניש נוזל לניקוי והברקת מדיח כלים ניחוח לימון 250 מלונה1.webp,12.5,,,,"פיניש נוזל לניקוי והברקת מדיח כלים בניחוח לימון, 250 מ״ל. מנקה את המדיח עצמו מאבנית ומשומן שהצטברו — תחזוקה שמאריכה את חיי המכונה ומשפרת את תוצאות השטיפה."
ניק034,קצף אקונומיקה - סנו ז׳אוול,ניקיון,,יחידה,images/ניקיון/קצף אקונומיקה - סנו ז_אוול.webp,14,,,,"קצף אקונומיקה סנו ז׳אוול — נצמד למשטחים אנכיים ואופקיים ופועל לאורך זמן במקום לזלוג. יעיל לחיטוי אסלות, קירות מקלחת ומשטחי מטבח."
ניק035,ריצפז 2 ליטר סנו,ניקיון,,יחידה,images/ניקיון/ריצפז 2 ליטר - סנו.webp,18,,,,"ריצפז של סנו באריזת 2 ליטר לניקוי רצפות. מרוכז להוספה למי השטיפה, ומתאים לניקיון יומיומי של משרדים, חנויות ומוסדות."
ניק036,רסס נגב - Dettol,ניקיון,,יחידה,images/ניקיון/רסס נגב - Dettol.webp,12,,,,"רסס נגב של Dettol לחיטוי מהיר של משטחים ונקודות מגע. מרססים, מנגבים וממשיכים — בלי שטיפה. נוח לשימוש בין לקוח ללקוח במרפאות, במשרדים ובעסקי שירות."
ניק037,רסס נגב אסטוניש,ניקיון,,יחידה,images/ניקיון/רסס נגב אסטוניש.webp,12,,,,"רסס נגב של אסטוניש לניקוי וחיטוי משטחים בשימוש מהיר. אלטרנטיבה משתלמת לתרסיסי חיטוי ממותגים, בשמירה על נוחות השימוש."
ניק038,שמפו רצפות - Blue,ניקיון,,יחידה,images/ניקיון/שמפו רצפות - Blue.webp,14,,,,"שמפו רצפות Blue לניקוי ובישום רצפות. מרוכז להוספה לדלי, ומשאיר ריח נקי אחרי השטיפה — מתאים לשטחי מסחר ולחללי קבלת קהל."
ניק039,שמפו רצפות 4 ליטר - סנו S255,ניקיון,,יחידה,images/ניקיון/שמפו רצפות 4 ליטר - סנו S255.webp,16,,,,"שמפו רצפות של סנו באריזת 4 ליטר (דגם S255). פורמט מוסדי לשטחי ריצפה גדולים, עם עלות נמוכה יותר לליטר מול אריזות קטנות. מתאים למפעלים, לבתי ספר ולחברות ניקיון."
ציו001,packing list 16/22,ציוד משרדי,,יחידה,images/שונים/packing list.webp,190,,,,"מעטפות packing list במידות 16/22 להצמדת תעודת משלוח או חשבונית לחבילה. שקופות ודביקות, ושומרות על המסמך יבש וקריא לאורך המשלוח — פריט חובה בעסקים ששולחים סחורה."
ציו002,דפי למינציה a3,ציוד משרדי,,יחידה,images/ציוד משרדי/דפי למינציה a3.webp,0,,,,"דפי למינציה בגודל A3 לחיפוי ולשימור מסמכים, שילוט ותפריטים. הלמינציה מגנה מפני לחות, קמטים ובלאי, ולכן נפוצה בשילוט בעסקים ובתפריטי מסעדות."
ציו003,דפי למינציה a4,ציוד משרדי,,יחידה,images/ציוד משרדי/דפי למינציה a4.webp,0,,,,"דפי למינציה בגודל A4 לחיפוי מסמכים, נהלים ושלטים. הגודל הנפוץ ביותר במשרד, ומאריך משמעותית את חיי מסמכים בשימוש יומיומי."
ציו004,חוצצים פלסטיק רגיל/עבה,ציוד משרדי,,יחידה,images/ציוד משרדי/חוצצים פלסטיק רגיל-עבה.jpg,0,,,,"חוצצים מפלסטיק בעובי רגיל או עבה לחלוקת קלסרים לפי נושא. העובי העבה עמיד יותר לדפדוף תכוף, ומתאים לתיקי לקוחות ולארכיון פעיל."
ציו005,טוש פרמננט 70,ציוד משרדי,,יחידה,images/ציוד משרדי/טוש פרמננט 70.webp,0,,,,"טוש פרמננט 70 לסימון קבוע על קרטון, פלסטיק, מתכת וזכוכית. הכתב לא נמחק ולא נמרח, ולכן הוא סטנדרט בסימון ארגזים, מלאי ומחסן."
ציו006,טיפקס,ציוד משרדי,,יחידה,images/ציוד משרדי/טיפקס.webp,0,,,,טיפקס לתיקון שגיאות כתיבה על מסמכים וטפסים. פריט משרדי בסיסי שנשאר רלוונטי בכל מקום שממלאים טפסים ידנית.
ציו007,טיפקס רולר,ציוד משרדי,,יחידה,images/ציוד משרדי/טיפקס רולר.webp,4,,,,"טיפקס רולר לתיקון מיידי ביישום יבש — כותבים מעליו מיד בלי להמתין לייבוש. נקי ומדויק יותר מטיפקס נוזלי, ולכן מועדף לתיקון טפסים ומסמכים רשמיים."
ציו008,מכשיר לגליל סלוטייפ + pvc,ציוד משרדי,,יחידה,images/ציוד משרדי/מכשיר לגליל סלוטייפ + pvc.webp,0,,,,"מכשיר לגליל סלוטייפ כולל גליל PVC לאריזת חבילות. מאיץ משמעותית את סגירת הקרטונים בעמדת אריזה, ומתאים לעסקים ששולחים סחורה באופן שוטף."
ציו009,מנקב דף 600 ל25,ציוד משרדי,,יחידה,images/ציוד משרדי/מנקב דף 600 ל25.webp,0,,,,"מנקב דפים בתפוקה של עד 25 דפים בפעולה אחת (דגם 600). מיועד לעבודה משרדית שוטפת עם קלסרים ותיוק, ולא רק לדפים בודדים."
ציו010,נייר צילום A4,ציוד משרדי,,יחידה,./images/מוצרי נייר/נייר צילום A4.webp,0,,,,"נייר צילום A4 להדפסה וצילום שוטף במשרד. פריט הצריכה הגדול ביותר במשרד, ולכן הזמנה סיטונאית שלו היא החיסכון הפשוט ביותר בהוצאות המשרד."
ציו011,נייר צילום A4 במגוון צבעים,ציוד משרדי,,יחידה,images/ציוד משרדי/נייר צילום A4 במגוון צבעים.webp,0,,,,"נייר צילום A4 במגוון צבעים להדפסות מודגשות, הפרדת מסמכים לפי נושא ושילוט פנימי. שימושי גם לחומרי הדרכה, לטפסים ולחלוקה ויזואלית בארכיון."
ציו012,נייר שרטוט וסקיצה במגוון גדלים,ציוד משרדי,,יחידה,images/ציוד משרדי/נייר שרטוט וסקיצה במגוון גדלים.webp,0,,,,"נייר שרטוט וסקיצה במגוון גדלים לאדריכלים, מהנדסים ומעצבים. מתאים לשרטוטים טכניים ולסקיצות עבודה במשרדי תכנון ובאתרי בנייה."
ציו013,סיכות קנרו 26/6 5000 יחידות פלדה,ציוד משרדי,,יחידה,images/ציוד משרדי/סיכות קנרו 26-6 5000 יחידות פלדה.jpg,0,,,,"סיכות שדכן קנרו 26/6 מפלדה במארז 5000 יחידות. המידה 26/6 היא הסטנדרט לשדכנים משרדיים, והכמות מיועדת לשימוש מוסדי שוטף."
ציו014,סל אשפה מתכת רשת,ציוד משרדי,,יחידה,images/ציוד משרדי/סל אשפה מתכת רשת.webp,0,,,,"סל אשפה ממתכת ברשת לעמדות עבודה ולמשרדים. עמיד יותר מסל פלסטיק ובעל מראה נקי ומשרדי, ומתאים לפינות עבודה ולחדרי ישיבות."
ציו015,סלוטייפ שלישייה,ציוד משרדי,,יחידה,images/ציוד משרדי/סלוטייפ שלישייה.webp,5.1,,,,"סלוטייפ במארז שלישייה להדבקה ולתיקונים משרדיים. פריט בסיסי בעמדת עבודה ובעמדת אריזה, בכמות שמספיקה לכמה עמדות."
ציו016,עט לחיץ בקופסא 50 יחידות,ציוד משרדי,,יחידה,images/ציוד משרדי/עט לחיץ בקופסא 50 יחידות.webp,0,,,,עט לחיץ באריזת 50 יחידות. כמות שמיועדת למשרד שלם או לחלוקה לעובדים ולעמדות קבלה — עטים הם פריט שמתכלה ונעלם במהירות בכל ארגון.
ציו017,עט מחט 0.5/0.7,ציוד משרדי,,יחידה,images/ציוד משרדי/עט מחט 0.5-0.7 .jpg,0,,,,"עט מחט בעובי 0.5 או 0.7 מ״מ לכתיבה מדויקת. הקו הדק מתאים לטפסים, לחתימות ולרישום מסודר, ושני העוביים מאפשרים לבחור לפי העדפת הכותב."
ציו018,קלסר גב 8/5/3,ציוד משרדי,,יחידה,images/ציוד משרדי/קלסר גב 8.webp,6.5,,,,"קלסר עם גב ברוחב 8, 5 או 3 ס״מ לתיוק מסמכים. שלושת הרוחבים מאפשרים להתאים את הקלסר לנפח התיק — מארכיון פעיל ועד תיקי לקוח דקים."
ציו019,שדכן 26/6,ציוד משרדי,,יחידה,images/ציוד משרדי/שדכן 26-6.jpg,0,,,,"שדכן במידה 26/6 לשידוך מסמכים במשרד. תואם את סיכות הפלדה הסטנדרטיות במידה זו, ומתאים לעבודת תיוק ומשרד יומיומית."
ציו020,שמרדף 45 מיקרון,ציוד משרדי,,יחידה,images/ציוד משרדי/שמרדף 45 מיקרון.webp,0,,,,"שמרדף בעובי 45 מיקרון להגנה על מסמכים בתוך קלסר. העובי מונע קריעה בדפדוף חוזר, ומתאים לתיקי לקוחות, לנהלים ולמסמכים שנשלפים הרבה."
ציו021,תיק גומי גב שפיר,ציוד משרדי,,יחידה,images/ציוד משרדי/תיק גומי גב שפיר.webp,0,,,,"תיק גומי עם גב שפיר לאחסון וסגירת מסמכים. הגומייה מחזיקה את התוכן במקום גם בהעברה בין משרדים, ומתאים לתיקי עבודה ולארכיון."
ציו022,תיק מטאל פייל לתלייה,ציוד משרדי,,יחידה,images/ציוד משרדי/תיק מטאל פייל לתלייה.webp,0,,,,"תיק מטאל פייל לתלייה בארון תיוק תלוי. שיטת התיוק התלוי מאפשרת שליפה מהירה של תיק שלם, ונפוצה בארכיוני לקוחות ובמשרדי רואי חשבון ועורכי דין."
ציו023,תיק מנילה עם ברזל תיוק,ציוד משרדי,,יחידה,images/ציוד משרדי/תיק מנילה עם ברזל תיוק.webp,0,,,,"תיק מנילה עם ברזל תיוק לקיבוע מסמכים מנוקבים בתוך התיק. הברזל מונע נשירה של דפים, ולכן הוא סטנדרט בתיקי לקוח, בתיקי עובד ובארכיון מסודר."
יצי001,דפי בריסטול לבן,מוצרי יצירה,,יחידה,images/מוצרי יצירה/דפי בריסטול לבן.webp,0,,,,"דפי בריסטול לבן לעבודות יצירה, שילוט ומצגות. הבריסטול עבה ונוקשה מנייר רגיל, ולכן מתאים לשלטים, לכרטיסיות ולעבודות שדורשות חוזק. נפוץ בגני ילדים, בבתי ספר ובחוגים."
יצי002,דפי בריסטול מנילה במגוון צבעים A4,מוצרי יצירה,,יחידה,images/מוצרי יצירה/דפי בריסטול מנילה במגוון צבעים A4.webp,0,,,,"דפי בריסטול מנילה בגודל A4 במגוון צבעים. הצבעוניות מתאימה לעבודות יצירה, לשילוט פנימי ולחומרי הוראה בגני ילדים, בבתי ספר ובמעונות."
יצי003,דפי סול,מוצרי יצירה,,יחידה,images/מוצרי יצירה/דפי סול.webp,0,,,,"דפי סול (פוליאתילן מוקצף) לעבודות יצירה. חומר קל, גמיש וצבעוני שקל לגזור ולהדביק, ולכן הוא פופולרי בגני ילדים, בחוגי יצירה ובפעילויות לילדים."
יצי004,נייר קרם במגוון צבעים,מוצרי יצירה,,יחידה,images/מוצרי יצירה/נייר קרם במגווןו צבעים.webp,0,,,,"נייר קרם במגוון צבעים לעבודות יצירה ולקישוט. מגוון הגוונים מאפשר עבודות צבעוניות בגני ילדים, בבתי ספר ובחוגים."
שקי001,אשפתון 50/70 LD 20 יח׳,שקיות,,יחידה,images/שקיות/אשפתון 50 LD.webp,4,,,,"אשפתון LD במידה 50/70 במארז 20 יחידות. מתאים לפחים קטנים במשרדים, בחדרי שירותים ובעמדות עבודה, וחומר ה-LD עמיד יחסית לקריעה."
שקי002,אשפתון מרשרש 50/70 - 60יח׳,שקיות,,יחידה,images/שקיות/אשפתון מרשרש 50-70 - 60יח_.webp,4.5,,,,"אשפתון מרשרש במידה 50/70 במארז 60 יחידות. הפורמט המרשרש קל וזול יותר לפסולת יבשה, והכמות במארז מיועדת לצריכה שוטפת במשרדים ובמוסדות."
שקי003,שקיות אשפה 75-85,שקיות,,יחידה,images/שקיות/שקיות אשפה 75-85.webp,4.5,,,,"שקיות אשפה במידה 75-85 לפחים בינוניים וגדולים. מידה נפוצה במטבחונים, במסדרונות ובשטחי מסחר, ומוזמנת בדרך כלל כפריט מלאי קבוע."
שקי004,שקיות אשפה 75-90,שקיות,,יחידה,images/שקיות/שקיות אשפה 75-90.webp,7,,,,"שקיות אשפה במידה 75-90 לפחים גדולים ולנפחי פסולת גבוהים. מתאימות למטבחים מסחריים, למפעלים ולשטחי מסחר עם פינוי יומיומי."
שקי005,שקיות גופיה,שקיות,,יחידה,images/שקיות/שקיות גופיה.webp,180,,,,"שקיות גופיה לאריזה ולנשיאה בקופה. הידיות מובנות בשקית עצמה, ולכן היא הפורמט המקובל בחנויות, במינימרקטים ובדוכנים."
שקי006,שקיות מזון 300 יח׳,שקיות,,יחידה,images/שקיות/שקיות מזון.webp,9,,,,"שקיות מזון במארז 300 יחידות לאריזה ולשמירת מוצרי מזון. מתאימות למטבחים מסחריים, לחנויות מזון ולאריזת מנות ומרכיבים."
שקי007,שקיות ניילון לפי הזמנה עובי + גודל,שקיות,,יחידה,images/שקיות/שקיות ניילון לפי הזמנה - עובי + גודל.webp,0,,,,שקיות ניילון בייצור לפי הזמנה — בחירת עובי וגודל לפי צורכי העסק. מתאים למי שצריך מידה שאינה סטנדרטית או עובי מסוים למשקל הסחורה. צרו קשר לקבלת הצעת מחיר לפי מפרט.
שקי008,שקיות פסגור במגוון גדלים,שקיות,,יחידות,images/שקיות/שקיות פסגור .webp,0,,,,"שקיות פסגור (זיפ) במגוון גדלים לאריזה, למיון ולשמירה. הסגירה החוזרת שומרת על טריות ועל סדר, ולכן הן משמשות מטבחים, מעבדות, מחסנים ועסקי מסחר."
שונ001,FUJICOM סוללות AAA - 8 יח',שונים,,יחידה,images/שונים/FUJICOM סוללות AAA 8 יח.webp,10,,,,"סוללות AAA של FUJICOM במארז 8 יחידות. מתאימות לשלטים, לעכברים אלחוטיים, למכשירי מדידה ולציוד משרדי — פריט שכדאי להחזיק במלאי כדי לא לעצור עבודה."
שונ002,k300,שונים,,יחידה,images/שונים/k300.webp,0,,,,"K300 — פריט מלאי שוטף בקטלוג. לפרטים מלאים על המפרט והשימוש, צרו קשר ונשמח לתת מידע והצעת מחיר."
שונ003,אלכוהול טהור 80% 1 ליטר,שונים,,יחידה,images/שונים/אלכוהול טהור 80%.webp,38,,,,"אלכוהול טהור 80% באריזת ליטר לחיטוי משטחים וציוד. משמש לחיטוי בעסקי מזון, במרפאות ובמכוני טיפוח, וגם כמדלל וכמנקה שאריות דבק ושומן."
שונ004,אציטון ליטר,שונים,,יחידה,images/שונים/אציטון ליטר.webp,22,,,,"אציטון באריזת ליטר להסרת לק, דבק ושאריות צבע. פריט עבודה שוטף במכוני יופי ובציפורניים, וכן בעבודות ניקוי וגימור."
שונ005,בוחשני עץ לשתיה חמה,שונים,,יחידה,images/שונים/בוחשני עץ לשתיה חמה.webp,12,,,,"בוחשני עץ לשתייה חמה — חלופה ידידותית לסביבה לבוחשן פלסטיק. מתאימים לפינות קפה משרדיות, לבתי קפה ולדוכני משקאות."
שונ006,בנזין לבן טהור חצי ליטר,שונים,,יחידה,images/שונים/בנזין לבן טהור.webp,25,,,,"בנזין לבן טהור באריזת חצי ליטר להסרת כתמים, דבק ושומן ממשטחים ומבדים. משמש בניקוי מקצועי, בתחזוקה ובמכבסות."
שונ007,גליל אלבד במגוון צבעים,שונים,,יחידה,images/שונים/גליל אלבד במגוון צבעים.webp,14,,,,"גליל אלבד במגוון צבעים לניקוי, לניגוב ולעבודות שאינן דורשות בד רב-פעמי. הצבעים מאפשרים להקצות צבע לכל אזור ניקיון ולמנוע העברת לכלוך בין אזורים."
שונ008,גליל קופה 57/40 יח׳,שונים,,יחידה,images/שונים/גליל קופה 57.webp,25,,,,"גליל נייר לקופה רושמת במידה 57/40. מתאים לקופות ולמסופי סליקה נפוצים, ופריט שאסור שייגמר בעסק שמנפיק קבלות בכל עסקה."
שונ009,גליל קופה 80/80 5 יח׳,שונים,,יחידה,images/שונים/גליל קופה 80.webp,20,,,,"גליל נייר לקופה במידה 80/80 במארז 5 יחידות. המידה הרחבה מתאימה למדפסות קבלה של מסעדות, חנויות ומסופי מכירה, והמארז מספיק לתקופת עבודה."
שונ010,גליל ניילון נצמד לאריזה,שונים,,יחידה,images/שונים/גלילות ניילון נצמד לאריזה.webp,4.25,,,,"גליל ניילון נצמד לאריזה — עוטף משטחים, ארגזים ומשלוחים ומייצב אותם להובלה. פריט מרכזי בעמדת אריזה ובמחסן."
שונ011,מארז ניילון נצמד 3 ק״ג צבע שקוף,שונים,,יחידה,images/שונים/מארז ניילון נצמד 3 קג צבע שקוף 6 יח׳.webp,25,,,,"מארז ניילון נצמד שקוף במשקל 3 ק״ג לאריזת מזון ומשטחים. השקיפות מאפשרת לזהות את התוכן בלי לפתוח, ומשמשת מטבחים מסחריים, קייטרינג ומחסנים."
שונ012,ניילון נצמד 45 סמ רוחב,שונים,,יחידה,images/שונים/ניילון נצמד 45 סמ רוחב.webp,15,,,,"ניילון נצמד ברוחב 45 ס״מ לעטיפת מגשים, מיכלים ומנות. הרוחב מתאים לכיסוי מגשי הגשה ותבניות במטבח מסחרי ובקייטרינג."
שונ013,סרט הדבקה שישייה,שונים,,יחידה,images/שונים/סרט הדבקה שישייה.webp,36,,,,"סרט הדבקה במארז שישייה לאריזה, לסגירת ארגזים ולשימוש משרדי. כמות שמספיקה לכמה עמדות אריזה או לתקופת עבודה ארוכה."
שונ014,קפה טורקי 100 גרם,שונים,,יחידה,images/שונים/קפה טורקי 100 גרם.webp,9.5,,,,קפה טורקי באריזת 100 גרם להכנת קפה שחור. גודל נוח לפינת קפה משרדית או לעסק שמגיש קפה ללקוחות בכמות מדודה.
שונ015,קפה שחור 1 קילו,שונים,,יחידה,images/שונים/קפה שחור 1 קילו.webp,57,,,,"קפה שחור באריזת קילו — פורמט מוסדי לפינות קפה, למטבחונים ולעסקים שמגישים קפה לאורך כל היום. עלות מנה נמוכה משמעותית מול אריזות קטנות."
שונ016,רדיד אלומיניום 50 מטר,שונים,,יחידה,images/שונים/רדיד אלומיניום 50 מטר.png,35,,,,"רדיד אלומיניום באורך 50 מטר לעטיפה, לאפייה ולשמירת חום. פריט יסוד במטבח מסחרי, בקייטרינג ובעסקי משלוחים שמגישים מנות חמות."
שונ017,שמן קנולה,שונים,,יחידה,images/שונים/שמן קנולה.webp,0,,,,"שמן קנולה לבישול ולטיגון. שמן ניטרלי בטעם שמתאים למגוון רחב של מנות, ומשמש מטבחים מסחריים, קייטרינג ומטבחונים מוסדיים."
שונ018,שעווניות במגוון דוגמאות,שונים,,יחידה,images/שונים/שעווניות במגוון דוגמאות.webp,195,,,,"שעווניות במגוון דוגמאות לכיסוי שולחנות. נוחות לניקוי ומגנות על השולחן, ולכן נפוצות באולמות, בגני ילדים, במוסדות ובאירועים."
שונ019,תה ויסוצקי 2000 יח׳,שונים,,יחידה,images/שונים/תה ויסוצקי 2000 יח׳.webp,120,,,,"תה ויסוצקי במארז 2000 שקיות — פורמט מוסדי לפינות קפה ולחדרי אוכל. מותג מוכר שעובדים ואורחים מזהים, בכמות שמחזיקה לאורך זמן."
